Type,Page URL,Page Title,Video Script (30-60 seconds),Hook,Call to Action
SERVICE,/services/residential-roofing,Residential Roofing Charlotte NC,"Hey Charlotte homeowners! Is your roof showing signs of wear? At Best Roofing Now, we specialize in residential roofing across the Charlotte metro area. From minor repairs to complete replacements, our family-owned team treats your home like it's our own. We're GAF certified, fully insured, and we never try to sell you more than you need. Call us today for a free inspection - because your family deserves a roof they can trust.",Your roof protects everything you love,Call 704-605-6047 for your FREE inspection
SERVICE,/services/commercial-roofing,Commercial Roofing Charlotte NC,"Business owners in Charlotte - your commercial roof is your first line of defense against lost revenue. Best Roofing Now handles flat roofs, TPO, EPDM, metal roofing, and more. We work around YOUR schedule to minimize business disruption. With over 500 commercial projects completed, we understand that downtime costs money. Get a free commercial roof assessment today and protect your investment.",Your business can't afford roof problems,Schedule your FREE commercial assessment now
SERVICE,/services/roof-repair,Roof Repair Charlotte NC,"Got a leak? Missing shingles? Don't wait until a small problem becomes a big expense! Best Roofing Now offers fast, affordable roof repairs across Charlotte. We'll give you an honest assessment - if a repair can fix it, we won't sell you a whole new roof. That's our promise. Most repairs completed in one day. Call now and stop that leak before it damages your home.",Small leaks cause BIG problems,Call today - most repairs done same day!
SERVICE,/services/roof-replacement,Roof Replacement Charlotte NC,"Thinking about a new roof? Best Roofing Now makes roof replacement easy. We handle everything - from helping with your insurance claim to the final cleanup. Our crews install GAF and CertainTeed shingles with manufacturer warranties up to lifetime coverage. Plus, we offer financing options with payments as low as $99 per month. Your new roof is more affordable than you think!",A new roof adds $15K+ to your home value,Get your FREE estimate - financing available!
SERVICE,/services/roof-inspection,Roof Inspection Charlotte NC,"When's the last time you had your roof inspected? Most Charlotte homeowners don't think about their roof until there's a problem. Best Roofing Now offers free roof inspections - no strings attached. We'll document everything with photos and give you an honest assessment. If your roof is fine, we'll tell you. Our reputation is built on honesty and transparency.",87% of roof problems start invisibly,Book your FREE inspection - no obligation
SERVICE,/services/emergency-roofing,Emergency Roof Repair Charlotte NC,"Storm damage? Tree on your roof? Water pouring in? Best Roofing Now is here 24/7 for Charlotte's roofing emergencies. We respond fast, secure your property, and work with your insurance company directly. Don't let emergency damage become a disaster - one call and we're on our way. Save our number now: 704-605-6047.",Roof emergency? We respond in hours - not days,Call 704-605-6047 - Available 24/7
SERVICE,/services/storm-damage,Storm Damage Repair Charlotte NC,"Charlotte gets hit by serious storms. If your roof took damage, Best Roofing Now is your storm damage expert. We handle the entire insurance claim process - from documentation to dealing with adjusters. We've helped hundreds of homeowners get their roofs replaced at little to no out-of-pocket cost. Don't settle with your insurance company until you talk to us first.",Insurance companies aren't on your side - we are,FREE storm damage inspection and claim help
SERVICE,/services/gutters,Gutter Services Charlotte NC,"Your gutters protect your home's foundation, landscaping, and prevent water damage. Best Roofing Now installs, repairs, and maintains gutters throughout Charlotte. We offer seamless aluminum gutters, gutter guards, and regular cleaning services. Proper gutters save you thousands in potential water damage. Let us take a look at yours today!",Clogged gutters cause $10K+ in foundation damage,Get a FREE gutter inspection today
SERVICE,/services/siding,Siding Services Charlotte NC,"Want to boost your curb appeal AND your home's value? Best Roofing Now installs beautiful vinyl and fiber cement siding that lasts for decades. We're James Hardie certified installers. New siding can cut your energy bills by up to 20% and increase your home's value instantly. Schedule a free consultation and see the difference quality siding makes.",New siding = lower energy bills + higher home value,FREE siding consultation - call now!
SERVICE,/services/residential-roof-maintenance,Residential Roof Maintenance Charlotte NC,"The secret to a roof that lasts? Regular maintenance. Best Roofing Now's maintenance program catches small problems before they become expensive repairs. For a fraction of what repairs cost, we'll inspect your roof twice a year, clean debris, check flashings, and keep your roof in peak condition. Most roofs last 5-10 years longer with proper maintenance.",Maintenance costs $200 - Replacements cost $15,000,Join our maintenance program today
SERVICE,/services/commercial-roof-maintenance,Commercial Roof Maintenance Charlotte NC,"Commercial building owners - roof maintenance isn't optional, it's essential. Our commercial maintenance program protects your investment with regular inspections, preventive repairs, and detailed documentation. We'll extend your roof's life by years and help you avoid costly emergency repairs. Many property managers trust us with their entire portfolio.",Preventive maintenance saves 10x in emergency repairs,Get a FREE commercial maintenance quote
SERVICE,/services/skylight-installation,Skylight Installation Charlotte NC,"Want to bring natural light into your home? Best Roofing Now is a VELUX certified skylight installer. Skylights reduce energy costs, boost your mood, and add real value to your home. We handle the entire installation - including roof modifications and interior finishing. Transform any dark room with beautiful natural light!",Natural light increases home value by 5%,Schedule your FREE skylight consultation
SERVICE,/services/roof-ventilation,Roof Ventilation Charlotte NC,"Is your attic too hot in summer? Are you seeing ice dams in winter? Poor roof ventilation causes both problems - plus higher energy bills and shorter roof life. Best Roofing Now installs ridge vents, soffit vents, and powered ventilators to keep your attic at the right temperature year-round. Proper ventilation can extend your roof's life by 10+ years!",Poor ventilation cuts your roof's life in HALF,Get a FREE ventilation assessment
SERVICE,/services/chimney-services,Chimney Services Charlotte NC,"Your chimney needs attention too! Best Roofing Now handles chimney flashing repair, cap installation, and cricket installation. Chimney leaks are one of the most common sources of roof damage we see. Don't let a faulty chimney ruin your roof. We'll inspect it for free and give you an honest assessment of what's needed.",80% of chimney leaks start at the flashing,FREE chimney inspection with any roof service
SERVICE,/services/soffit-fascia,Soffit & Fascia Repair Charlotte NC,"Rotting soffit and fascia? Don't ignore it! These components protect your roof's edges and provide crucial ventilation. Best Roofing Now repairs and replaces soffit and fascia with durable materials that match your home perfectly. We often catch these problems during roof inspections - damaged soffit attracts pests and causes bigger issues.",Damaged soffit = open invitation for pests,Get your soffit and fascia inspected FREE
SERVICE,/services/flat-roof-repair,Flat Roof Repair Charlotte NC,"Flat roofs need special expertise - and Best Roofing Now has it. We repair TPO, EPDM, modified bitumen, and built-up roofing systems. Flat roof leaks can be tricky to diagnose, but our experienced team finds and fixes the source fast. We also offer coating solutions that can extend your flat roof's life by 10-15 years at a fraction of replacement cost.",Flat roof leaking? We find the source FAST,Schedule your FREE flat roof assessment
SERVICE,/services/metal-roofing,Metal Roofing Charlotte NC,"Ready for a roof that lasts 50+ years? Metal roofing is Charlotte's fastest-growing roofing choice - and for good reason. It's durable, energy-efficient, and looks amazing. Best Roofing Now installs standing seam, corrugated, and metal shingle systems. Metal roofs can cut your cooling costs by 25% and they're 100% recyclable. The last roof you'll ever need!",Metal roofs last 50+ years - shingles last 20,Get a FREE metal roofing quote today
SERVICE,/services/gutter-cleaning,Gutter Cleaning Charlotte NC,"Clogged gutters cause foundation damage, landscape erosion, and basement flooding. Best Roofing Now offers professional gutter cleaning to keep water flowing where it should - away from your home. We clean, flush, and inspect your entire gutter system. Most homes need cleaning twice a year. Set it and forget it with our maintenance plans!",Clogged gutters cause foundation cracks,Schedule your gutter cleaning - from $149
SERVICE,/services/insurance-claims,Insurance Claims Assistance Charlotte NC,"Fighting with your insurance company? Let us help. Best Roofing Now has helped hundreds of Charlotte homeowners navigate the claims process successfully. We document damage properly, meet with adjusters, and advocate for you to get the coverage you deserve. Many homeowners get their entire roof replaced with little to no out-of-pocket cost when we're involved.",Don't let insurance companies lowball you,FREE claim assistance - we fight for you
SERVICE,/services/gutter-installation,Gutter Installation Charlotte NC,"New gutters make a huge difference! Best Roofing Now installs seamless aluminum gutters custom-made on-site to fit your home perfectly. No seams means no leaks. We offer multiple colors to match your home and can add gutter guards to reduce maintenance. Protect your home's foundation with professional gutter installation.",Seamless gutters = zero leak points,Get your FREE gutter installation quote
SERVICE,/services/gutter-repair,Gutter Repair Charlotte NC,"Sagging gutters? Pulling away from the house? Leaking at the seams? Best Roofing Now repairs all types of gutter problems. Sometimes a repair is all you need - we'll never sell you new gutters if yours can be fixed. Our team reattaches, reseals, and reinforces your existing system. Fast, affordable, honest gutter repair!",Gutter repairs often cost under $200,Schedule your FREE gutter inspection
SERVICE,/services/gutter-guards,Gutter Guards Charlotte NC,"Tired of cleaning gutters twice a year? Gutter guards solve that problem permanently. Best Roofing Now installs high-quality gutter protection systems that keep leaves and debris out while letting water flow freely. Many systems come with 20+ year warranties. Stop climbing ladders and start enjoying maintenance-free gutters!",Gutter guards pay for themselves in 5 years,See which gutter guard is right for you - FREE
SERVICE,/services/siding-installation,Siding Installation Charlotte NC,"Transform your home's appearance with new siding from Best Roofing Now. We're certified James Hardie installers, offering fiber cement, vinyl, and engineered wood options. New siding boosts curb appeal, increases home value, and improves energy efficiency. Our crews pay attention to every detail for a flawless finish that lasts decades.",New siding = 75% return on investment,Get your FREE siding estimate today
SERVICE,/services/siding-repair,Siding Repair Charlotte NC,"Storm damage? Woodpecker holes? Faded or cracked siding? Best Roofing Now repairs all types of siding issues. We match existing colors and styles so repairs blend seamlessly. Sometimes a repair section is all you need - we'll never push for full replacement unless it's truly necessary. Honest assessments, quality repairs.",We match your existing siding perfectly,Schedule your FREE siding inspection
SERVICE,/services/building-restoration,Building Restoration Charlotte NC,"Fire damage? Water damage? Major storm destruction? Best Roofing Now handles complete building restoration. We work with insurance companies and coordinate all trades to get your property back to normal fast. From emergency board-up to final finishes, we're your single point of contact through the entire restoration process.",Complete restoration - one contractor - zero headaches,24/7 emergency response - call now
LOCATION,/locations/charlotte-nc,Roofing Charlotte NC,"Charlotte homeowners - Best Roofing Now is YOUR local roofing company. Family-owned, veteran-operated, and headquartered right here in Charlotte. We've completed over 500 roofing projects across Mecklenburg County - from Myers Park to University City, Ballantyne to NoDa. When you call us, you're not getting a call center - you're getting James, the owner. That's the Best Roofing Now difference.",Charlotte's most trusted local roofer,Call YOUR Charlotte roofing experts today
LOCATION,/locations/huntersville-nc,Roofing Huntersville NC,"Huntersville homeowners! Best Roofing Now serves your community with expert roofing services. We know Huntersville neighborhoods - from Skybrook to Rosedale, Vermillion to Cedarfield. Quick response times, local knowledge, and a commitment to quality. Our crews have completed dozens of projects in Huntersville. Check out our reviews from your neighbors!",Huntersville's go-to roofing experts,Your Huntersville roof estimate is FREE
LOCATION,/locations/cornelius-nc,Roofing Cornelius NC,"Living in Cornelius by beautiful Lake Norman? Best Roofing Now is just minutes away. We've helped homeowners throughout Cornelius protect their homes with quality roofing, siding, and gutter services. Lake-effect weather can be tough on roofs - we know exactly what Cornelius homes need. Call your local experts today!",Lake Norman roofing specialists,FREE estimate for Cornelius homeowners
LOCATION,/locations/davidson-nc,Roofing Davidson NC,"Davidson residents - Best Roofing Now is proud to serve your historic community. From homes near Davidson College to River Run and beyond, we understand Davidson's unique character. We work carefully with older homes and HOA requirements. Quality craftsmanship that matches Davidson's standards - that's our promise.",Davidson's trusted roofing partner,Schedule your FREE Davidson roof inspection
LOCATION,/locations/matthews-nc,Roofing Matthews NC,"Matthews homeowners trust Best Roofing Now for all their roofing needs. We serve neighborhoods from Sardis Woods to McKee Farms, Weddington Chase to Windsor Park. Fast response, fair prices, and craftsmanship you can count on. See why Matthews families choose Best Roofing Now!",Matthews' favorite roofing company,Get your FREE Matthews estimate today
LOCATION,/locations/mint-hill-nc,Roofing Mint Hill NC,"Mint Hill - small-town feel, big-time roofing service. Best Roofing Now serves Mint Hill families with the personal attention you deserve. We know your neighborhoods, we understand your needs, and we're close by when you need us. From Bain Farms to Olde Sycamore, we've got Mint Hill covered - literally!",Mint Hill's local roofing experts,Call for your FREE Mint Hill inspection
LOCATION,/locations/pineville-nc,Roofing Pineville NC,"Pineville homeowners - Best Roofing Now is your neighbor! We've served Pineville families for years, completing projects from Carolina Place to Sterling. Quick response, honest pricing, and quality work. When Pineville needs roofing, they call Best Roofing Now.",Pineville's neighborhood roofer,FREE estimates for Pineville homes
LOCATION,/locations/concord-nc,Roofing Concord NC,"Concord residents - Best Roofing Now brings Charlotte-quality roofing to your doorstep. We serve all of Cabarrus County with expert residential and commercial roofing. From downtown Concord to the newer developments, we're ready to help. Ask about our special offers for Concord homeowners!",Concord's trusted roofing contractor,Schedule your FREE Concord inspection
LOCATION,/locations/kannapolis-nc,Roofing Kannapolis NC,"Kannapolis homeowners - Best Roofing Now is proud to serve your community! From the revitalized downtown to neighborhoods throughout the city, we bring expert roofing services to Kannapolis. Fair prices, quality work, and the personal service a growing city like Kannapolis deserves.",Kannapolis roofing done right,Get your FREE Kannapolis quote today
LOCATION,/locations/harrisburg-nc,Roofing Harrisburg NC,"Harrisburg is growing - and Best Roofing Now is growing with it! We serve Harrisburg's new developments and established neighborhoods alike. Quick response times, quality materials, and craftsmanship that lasts. Your Harrisburg home deserves the best roofing service - that's us!",Harrisburg's fast-growing roofing choice,FREE estimates for Harrisburg homes
LOCATION,/locations/monroe-nc,Roofing Monroe NC,"Monroe homeowners - Best Roofing Now serves all of Union County with pride. From downtown Monroe to the surrounding communities, we bring Charlotte-quality roofing to your neighborhood. Fair prices, honest assessments, and work we stand behind. Call your Monroe roofing experts today!",Monroe's trusted roofing team,Schedule your FREE Monroe inspection
LOCATION,/locations/indian-trail-nc,Roofing Indian Trail NC,"Indian Trail is one of Charlotte's fastest-growing areas - and Best Roofing Now is here to serve! We've completed numerous projects throughout Indian Trail, from Sun Valley to Hemby. Quick response, quality work, and neighbors helping neighbors. That's the Best Roofing Now way.",Indian Trail's local roofing choice,Get your FREE Indian Trail estimate
LOCATION,/locations/waxhaw-nc,Roofing Waxhaw NC,"Waxhaw homeowners - Best Roofing Now brings expert roofing to your charming community. We understand Waxhaw's mix of historic downtown properties and beautiful new developments. Each roof gets the attention it deserves. From Marvin to Providence, we've got Waxhaw covered!",Waxhaw's trusted roofing experts,FREE roof inspections in Waxhaw
LOCATION,/locations/stallings-nc,Roofing Stallings NC,"Stallings residents - Best Roofing Now is your neighborhood roofing company. We serve Stallings families with the care and attention you expect from a local business. Quality roofing, fair prices, and service you can trust. Call your Stallings roofing experts!",Stallings' go-to roofer,Get your FREE Stallings estimate today
LOCATION,/locations/weddington-nc,Roofing Weddington NC,"Weddington's beautiful homes deserve beautiful roofs. Best Roofing Now serves Weddington with premium roofing services. We understand Weddington's HOA requirements and high standards. Quality materials, expert installation, and attention to detail - exactly what Weddington expects.",Weddington's premium roofing choice,FREE consultation for Weddington homes
LOCATION,/locations/marvin-nc,Roofing Marvin NC,"Marvin homeowners expect the best - and Best Roofing Now delivers. We serve Marvin's luxury homes with the quality and attention to detail they require. Premium materials, expert craftsmanship, and service that matches Marvin's standards. Your Marvin home deserves nothing less.",Marvin's luxury roofing experts,Schedule your FREE Marvin consultation
LOCATION,/locations/wesley-chapel-nc,Roofing Wesley Chapel NC,"Wesley Chapel residents - Best Roofing Now is proud to serve your community! From new construction to established homes, we bring expert roofing services to Wesley Chapel. Fast response, fair prices, and quality that lasts. Your Wesley Chapel roofing specialists!",Wesley Chapel's trusted roofer,FREE estimates in Wesley Chapel
LOCATION,/locations/gastonia-nc,Roofing Gastonia NC,"Gastonia homeowners - Best Roofing Now serves all of Gaston County! We're just a short drive away and ready to help with all your roofing needs. Residential, commercial, repairs, and replacements. Gastonia deserves quality roofing at fair prices - that's what we deliver.",Gastonia's quality roofing choice,Get your FREE Gastonia estimate
LOCATION,/locations/mt-holly-nc,Roofing Mt Holly NC,"Mt Holly residents - Best Roofing Now is your Gaston County roofing expert. We serve Mt Holly and surrounding areas with fast, reliable roofing services. Quality work, honest prices, and a team you can trust. Call your Mt Holly roofing specialists today!",Mt Holly's trusted roofing team,FREE inspections in Mt Holly
LOCATION,/locations/belmont-nc,Roofing Belmont NC,"Belmont homeowners - Best Roofing Now brings expert roofing to your historic community. We understand Belmont's charm and work carefully with homes of all ages. From Main Street to new developments, we're Belmont's roofing choice.",Belmont's neighborhood roofer,Schedule your FREE Belmont inspection
LOCATION,/locations/kings-mountain-nc,Roofing Kings Mountain NC,"Kings Mountain residents - Best Roofing Now serves your community with pride. Quality roofing services from a company that cares. We're not a big corporation - we're a family business serving families. That's the difference you'll feel when you call us.",Kings Mountain's trusted roofer,Get your FREE Kings Mountain quote
LOCATION,/locations/mooresville-nc,Roofing Mooresville NC,"Mooresville - Race City USA - deserves winning roofing! Best Roofing Now serves Mooresville and all of Iredell County. From Lake Norman homes to downtown properties, we've got you covered. Fast, reliable, quality roofing for Mooresville families.",Mooresville's first-place roofing choice,FREE estimates for Mooresville homes
LOCATION,/locations/statesville-nc,Roofing Statesville NC,"Statesville homeowners - Best Roofing Now extends our services to your community. Quality roofing, fair prices, and honest service. We treat every Statesville home like it's our own. Experience the Best Roofing Now difference!",Statesville's quality roofing experts,Get your FREE Statesville estimate
LOCATION,/locations/denver-nc,Roofing Denver NC,"Denver and Lake Norman area homeowners - Best Roofing Now is your local roofing expert! We serve Denver with the same quality and care we bring to every project. Lake-area homes face unique challenges - we understand them. Call your Denver roofing specialists!",Denver's Lake Norman roofing experts,FREE roof inspection in Denver
LOCATION,/locations/lincolnton-nc,Roofing Lincolnton NC,"Lincolnton residents - Best Roofing Now proudly serves Lincoln County! From downtown Lincolnton to surrounding areas, we bring quality roofing at fair prices. Your local roofing partner for all your residential and commercial needs.",Lincolnton's trusted roofing choice,Schedule your FREE Lincolnton quote
LOCATION,/locations/lake-norman,Roofing Lake Norman NC,"Lake Norman homeowners - your waterfront property deserves expert care. Best Roofing Now specializes in Lake Norman area roofing. We understand lakefront challenges - humidity, storms, and the need for quality that lasts. Trust the Lake Norman roofing experts!",Lake Norman's waterfront roofing specialists,FREE Lake Norman roof consultations
LOCATION,/locations/sherrills-ford-nc,Roofing Sherrills Ford NC,"Sherrills Ford residents - Best Roofing Now serves your Lake Norman community! Beautiful homes deserve beautiful roofs. We bring expert craftsmanship to Sherrills Ford with fair prices and honest service. Your Sherrills Ford roofing specialists!",Sherrills Ford's local roofing team,Get your FREE estimate today
LOCATION,/locations/terrell-nc,Roofing Terrell NC,"Terrell homeowners - Best Roofing Now is your Lake Norman area roofer! We serve Terrell and surrounding communities with quality roofing services. Local expertise, fair prices, and work we stand behind. Call your Terrell roofing experts!",Terrell's trusted roofing company,FREE Terrell roof inspections
LOCATION,/locations/hickory-nc,Roofing Hickory NC,"Hickory homeowners - Best Roofing Now extends our quality services to your community! From residential to commercial, we serve Hickory with the same care and attention we bring to every project. Quality roofing for the Hickory area!",Hickory's quality roofing partner,Get your FREE Hickory estimate
LOCATION,/locations/newton-nc,Roofing Newton NC,"Newton residents - Best Roofing Now serves Catawba County with pride! Quality roofing, honest assessments, and fair prices. We're not just contractors - we're neighbors helping neighbors. Call your Newton roofing experts!",Newton's trusted roofing team,FREE inspections for Newton homes
LOCATION,/locations/albemarle-nc,Roofing Albemarle NC,"Albemarle homeowners - Best Roofing Now brings Charlotte-quality roofing to Stanly County! We serve Albemarle and surrounding areas with expert residential and commercial roofing. Fair prices, quality work, honest service. That's our promise!",Albemarle's quality roofing choice,Schedule your FREE Albemarle quote
LOCATION,/locations/shelby-nc,Roofing Shelby NC,"Shelby residents - Best Roofing Now is proud to serve Cleveland County! From Shelby to Kings Mountain and beyond, we bring quality roofing services to your community. Your home deserves the best - that's us!",Shelby's trusted roofing experts,Get your FREE Shelby estimate
LOCATION,/locations/rock-hill-sc,Roofing Rock Hill SC,"Rock Hill homeowners - Best Roofing Now crosses the border to serve you! We bring Charlotte-quality roofing to Rock Hill and York County, SC. Same great service, same honest pricing. Your Rock Hill roofing specialists are here!",Rock Hill's Charlotte-quality roofer,FREE estimates for Rock Hill homes
LOCATION,/locations/fort-mill-sc,Roofing Fort Mill SC,"Fort Mill residents - Best Roofing Now is your neighborhood roofing company! We serve Fort Mill's growing community with quality roofing services. From Baxter Village to Tega Cay, we've got Fort Mill covered. Call today!",Fort Mill's local roofing experts,Get your FREE Fort Mill estimate
LOCATION,/locations/tega-cay-sc,Roofing Tega Cay SC,"Tega Cay homeowners - your lakefront community deserves expert roofing! Best Roofing Now serves Tega Cay with quality materials and skilled craftsmanship. We understand lakeside living and the protection your home needs. Call your Tega Cay roofing specialists!",Tega Cay's waterfront roofing experts,FREE Tega Cay roof consultations
LOCATION,/locations/indian-land-sc,Roofing Indian Land SC,"Indian Land residents - Best Roofing Now is proud to serve your fast-growing community! Quality roofing services from a family-owned company that cares. From Sun City to new developments throughout Indian Land - we're here for you!",Indian Land's trusted roofing partner,Schedule your FREE Indian Land inspection
LOCATION,/locations/lancaster-sc,Roofing Lancaster SC,"Lancaster homeowners - Best Roofing Now brings expert roofing to Lancaster County! We serve Lancaster and surrounding communities with quality work and fair prices. Your South Carolina roofing specialists!",Lancaster's quality roofing choice,Get your FREE Lancaster estimate
LOCATION,/locations/salisbury-nc,Roofing Salisbury NC,"Salisbury residents - Best Roofing Now serves Rowan County with pride! From historic downtown to newer developments, we bring quality roofing to Salisbury homes. Expert craftsmanship for all your roofing needs!",Salisbury's trusted roofing team,FREE Salisbury roof inspections
LOCATION,/locations/china-grove-nc,Roofing China Grove NC,"China Grove homeowners - Best Roofing Now is your Rowan County roofing expert! Small-town values, big-time quality. We serve China Grove with the personal attention you deserve. Call your local roofing specialists!",China Grove's neighborhood roofer,Get your FREE China Grove quote
LOCATION,/locations/landis-nc,Roofing Landis NC,"Landis residents - Best Roofing Now serves your community with quality roofing services. We're not a big corporation - we're a family business that treats your home like our own. Call your Landis roofing experts!",Landis' trusted roofing company,FREE estimates for Landis homes
LOCATION,/locations/cramerton-nc,Roofing Cramerton NC,"Cramerton homeowners - Best Roofing Now brings expert roofing to your Gaston County community! Quality work, fair prices, and service you can trust. From Cramerton to Belmont and beyond - we've got you covered!",Cramerton's local roofing team,Schedule your FREE Cramerton inspection
LOCATION,/locations/lowell-nc,Roofing Lowell NC,"Lowell residents - Best Roofing Now serves your community with pride! Quality roofing services from a company that cares. We're local, we're family-owned, and we're here for Lowell homeowners. Call today!",Lowell's trusted roofing partner,Get your FREE Lowell estimate
LOCATION,/locations/dallas-nc,Roofing Dallas NC,"Dallas homeowners - Best Roofing Now is your Gaston County roofing expert! We serve Dallas and surrounding areas with quality work and honest pricing. Your home deserves the best - that's what we deliver!",Dallas' quality roofing choice,FREE roof inspections in Dallas
LOCATION,/locations/cherryville-nc,Roofing Cherryville NC,"Cherryville residents - Best Roofing Now proudly serves your community! Quality roofing at fair prices from a family-owned company. We treat Cherryville homes with the care they deserve. Call your local experts!",Cherryville's neighborhood roofer,Get your FREE Cherryville quote
LOCATION,/locations/bessemer-city-nc,Roofing Bessemer City NC,"Bessemer City homeowners - Best Roofing Now is here for you! Quality roofing services from a company that puts families first. We serve Bessemer City with pride and craftsmanship. Call today!",Bessemer City's trusted roofer,FREE estimates for Bessemer City
LOCATION,/locations/clover-sc,Roofing Clover SC,"Clover residents - Best Roofing Now serves York County with pride! Quality roofing services just across the state line. Same great work, same fair prices. Your Clover roofing specialists are ready to help!",Clover's quality roofing team,Schedule your FREE Clover inspection
LOCATION,/locations/york-sc,Roofing York SC,"York homeowners - Best Roofing Now brings expert roofing to York County! Historic charm meets quality craftsmanship. We serve York with the attention to detail your home deserves. Call today!",York's trusted roofing company,Get your FREE York estimate
LOCATION,/locations/lake-wylie-sc,Roofing Lake Wylie SC,"Lake Wylie homeowners - your beautiful lakeside property deserves expert care! Best Roofing Now specializes in Lake Wylie area roofing. We understand the unique needs of waterfront homes. Trust the Lake Wylie roofing experts!",Lake Wylie's waterfront roofing specialists,FREE Lake Wylie roof consultations
LOCATION,/locations/wingate-nc,Roofing Wingate NC,"Wingate residents - Best Roofing Now serves your Union County community! Quality roofing services from a family-owned company. We're local, we're honest, and we're here for Wingate homeowners!",Wingate's trusted roofing partner,Get your FREE Wingate estimate
LOCATION,/locations/fairview-nc,Roofing Fairview NC,"Fairview homeowners - Best Roofing Now brings quality roofing to your community! Fair prices, honest assessments, and work we stand behind. Your Fairview roofing specialists are here to help!",Fairview's quality roofing choice,FREE inspections for Fairview homes
LOCATION,/locations/hemby-bridge-nc,Roofing Hemby Bridge NC,"Hemby Bridge residents - Best Roofing Now serves your community with pride! Quality roofing from a company that cares. We treat every Hemby Bridge home like it's our own. Call today!",Hemby Bridge's local roofing team,Schedule your FREE inspection
LOCATION,/locations/unionville-nc,Roofing Unionville NC,"Unionville homeowners - Best Roofing Now is your Union County roofing expert! From Unionville to Weddington and beyond, we bring quality roofing to your community. Call your local specialists!",Unionville's trusted roofer,Get your FREE Unionville estimate
LOCATION,/locations/mount-pleasant-nc,Roofing Mount Pleasant NC,"Mount Pleasant residents - Best Roofing Now serves your Cabarrus County community! Quality roofing at fair prices from a family-owned company. Your Mount Pleasant roofing experts are here!",Mount Pleasant's neighborhood roofer,FREE Mount Pleasant roof inspections
LOCATION,/locations/midland-nc,Roofing Midland NC,"Midland homeowners - Best Roofing Now brings expert roofing to your community! Quality work, honest pricing, and service you can trust. Your Midland roofing specialists are ready to help!",Midland's trusted roofing team,Get your FREE Midland estimate
LOCATION,/locations/locust-nc,Roofing Locust NC,"Locust residents - Best Roofing Now serves your community with pride! From Locust to the surrounding areas, we bring quality roofing services. Family-owned, locally focused, here for you!",Locust's local roofing choice,Schedule your FREE Locust quote
LOCATION,/locations/oakboro-nc,Roofing Oakboro NC,"Oakboro homeowners - Best Roofing Now proudly serves Stanly County! Quality roofing from a company that treats every home with care. Your Oakboro roofing specialists are here to help!",Oakboro's trusted roofing partner,Get your FREE Oakboro estimate
LOCATION,/locations/norwood-nc,Roofing Norwood NC,"Norwood residents - Best Roofing Now brings quality roofing to your community! Fair prices, honest service, and craftsmanship that lasts. Your Norwood roofing experts are ready!",Norwood's quality roofing team,FREE inspections for Norwood homes
LOCATION,/locations/maiden-nc,Roofing Maiden NC,"Maiden homeowners - Best Roofing Now serves your Lincoln County community! Quality roofing services from a family-owned company that cares. Call your Maiden roofing specialists today!",Maiden's trusted roofing company,Get your FREE Maiden estimate
LOCATION,/locations/conover-nc,Roofing Conover NC,"Conover residents - Best Roofing Now extends our quality services to your community! Expert roofing for Conover and the Catawba County area. Quality work at fair prices - that's our promise!",Conover's quality roofing choice,Schedule your FREE Conover quote
LOCATION,/locations/claremont-nc,Roofing Claremont NC,"Claremont homeowners - Best Roofing Now is here to serve you! Quality roofing from a family business that puts your needs first. Your Claremont roofing specialists are ready to help!",Claremont's trusted roofer,Get your FREE Claremont estimate
LOCATION,/locations/chester-sc,Roofing Chester SC,"Chester residents - Best Roofing Now brings quality roofing to Chester County! We cross the state line to serve you with the same quality and care. Your Chester roofing experts are here!",Chester's quality roofing partner,FREE Chester roof inspections
FAQ,N/A,How much does a new roof cost?,"The number one question we get: How much does a new roof cost in Charlotte? Here's the honest answer - most residential roofs cost between $8,000 and $15,000. It depends on your roof's size, pitch, material choice, and any repairs needed. But here's the thing - we offer free estimates with no obligation. We'll give you an exact price, in writing, before any work starts. No surprises, no hidden fees. Call Best Roofing Now for your free estimate today!",How much does a new roof REALLY cost?,Get your exact price FREE - call 704-605-6047
FAQ,N/A,How long does roof replacement take?,"How long does it take to replace a roof? Most homeowners are surprised - we complete most residential roofs in just ONE DAY. That's right - morning start, evening finish. Your new roof is protecting your home before you go to bed. Larger or more complex roofs might take 2-3 days, but we'll tell you exactly what to expect upfront. At Best Roofing Now, we respect your time as much as we respect your home.",Most roofs done in ONE DAY,Schedule your one-day roof replacement
FAQ,N/A,Does insurance cover roof replacement?,"Does insurance cover roof replacement? If your roof was damaged by storms, hail, wind, or fallen trees - YES, most insurance policies cover it! Here's the key: you need proper documentation and someone who knows how to work with insurance companies. At Best Roofing Now, we've helped hundreds of homeowners get their roofs replaced at little to no out-of-pocket cost. We handle the entire claims process. Don't settle before talking to us!",Storm damage? Insurance probably covers it!,FREE insurance claim assistance - call now
FAQ,N/A,How do I know if I need a new roof?,"How do you know if you need a new roof? Look for these warning signs: shingles that are curling, cracking, or missing. Granules in your gutters. Dark streaks or stains. Daylight coming through your attic. Your roof is over 20 years old. But honestly, the best way to know is a professional inspection. At Best Roofing Now, we offer FREE inspections with no obligation. If your roof is fine, we'll tell you. If it needs work, we'll show you exactly what and why.",5 signs your roof needs attention,Get your FREE honest roof assessment
FAQ,N/A,What's the best roofing material for Charlotte?,"What's the best roofing material for Charlotte homes? For most residential properties, architectural asphalt shingles are the sweet spot - great durability, excellent value, and perfect for Charlotte's climate. We recommend GAF Timberline HDZ or CertainTeed Landmark shingles. But if you want the ultimate in longevity, metal roofing lasts 50+ years. At Best Roofing Now, we'll help you choose the right material for YOUR budget and goals. Free consultations, honest advice!",The best roofing choice for Charlotte weather,FREE consultation - find your perfect roof
