FAQ Category,Question,Short Title,Short Script (60 seconds),Description,Tags,Hashtags
Pricing,"How much does a new roof cost?","How Much Does a New Roof Cost? üí∞ #shorts","How much does a new roof cost in Charlotte? Here's the honest answer. For a typical Charlotte home, you're looking at fifteen to thirty thousand dollars for a complete replacement. But that range depends on a few things. Roof size is the biggest factor - more square footage means more materials and labor. The materials you choose matter too - basic three-tab shingles cost less than premium architectural or metal. Roof complexity plays a role - more angles, valleys, and features increase labor. And removing your old roof adds to the cost. Don't go by online estimates alone. Every roof is different. Get a free in-person inspection to know exactly what your roof will cost. Call Best Roofing Now for your free estimate.","How much does a new roof cost in Charlotte, NC? Get the real answer from local roofing experts. Free estimates available!

üìû (704) 555-0123
üåê https://bestroofingnow.com

#roofcost #newroof #charlottenc #roofing","roof cost, how much is new roof, roof replacement cost, charlotte roofing cost, roof price, roofing estimate, new roof cost 2024",#RoofCost #NewRoof #CharlotteNC #RoofingTips #Shorts
Pricing,"Is financing available for roofing?","Can You Finance a New Roof? ‚úÖ #shorts","Yes, you can absolutely finance a new roof! At Best Roofing Now, we offer several financing options so cost doesn't prevent you from protecting your home. Our most popular plan is zero percent APR for twelve months - get your roof now, pay it off over a year with no interest. Need more time? We have longer-term options with competitive rates and affordable monthly payments. The approval process is quick - apply in five minutes, get a decision same day. What about credit? We work with partners who consider applicants across the credit spectrum. And yes, you can pay off early with no penalties. Don't let your roof keep deteriorating because of cost. Ask about financing when you schedule your free inspection.","Can you finance a new roof? Yes! Learn about 0% APR options and affordable payment plans.

üìû (704) 555-0123
üåê https://bestroofingnow.com/financing

#rooffinancing #paymentplan #charlottenc","roof financing, can you finance roof, roof payment plan, 0 apr roofing, affordable roofing, roofing loans, finance new roof",#RoofFinancing #PaymentPlan #AffordableRoofing #Shorts
Pricing,"What affects roofing prices?","What Affects Roofing Prices? üìä #shorts","What makes one roof cost more than another? Let me break it down. First, size - roof pricing is largely based on squares, which are ten by ten foot sections. More squares, higher price. Second, materials - basic three-tab shingles are cheapest, architectural shingles cost more, metal and premium materials cost the most. Third, pitch - steeper roofs are harder and more dangerous to work on. Fourth, complexity - lots of valleys, dormers, skylights, and penetrations add labor. Fifth, access - tight properties or multiple stories increase difficulty. Sixth, existing damage - rotted decking or structural issues add to the job. Seventh, location - different areas have different labor costs. The only way to know your roof's cost is a proper inspection and estimate. Get your free one today.","What factors affect roofing prices? Learn what determines your roof replacement cost.

üìû (704) 555-0123
üåê https://bestroofingnow.com

#roofprice #roofingcost #homeimprovement","roofing prices, what affects roof cost, roof estimate factors, roofing price factors, roof replacement cost factors",#RoofingPrices #CostFactors #HomeImprovement #Shorts
Insurance,"Will insurance cover my roof?","Will Insurance Cover My Roof? üìã #shorts","Will your homeowner's insurance cover your roof? It depends on what caused the damage. Here's the general rule. Storm damage is typically covered. This includes hail damage, wind damage, fallen trees, and other sudden weather events. Normal wear and tear is usually NOT covered. Your roof aging, gradual deterioration, and lack of maintenance won't qualify. What about leaks? If the leak was caused by storm damage, yes. If it's from an old, worn-out roof, probably no. Here's my advice. After any major storm, get an inspection. Document any damage with photos. We can help you file your claim and work with your adjuster to ensure you get fair compensation. Don't assume you're not covered - let us help you find out.","Will homeowner's insurance cover roof damage? Learn what's covered and what's not.

üìû (704) 555-0123
üåê https://bestroofingnow.com/services/storm-damage

#roofinsurance #stormclaim #homeinsurance","roof insurance claim, will insurance cover roof, storm damage insurance, roof claim help, insurance roof replacement",#RoofInsurance #InsuranceClaim #StormDamage #Shorts
Insurance,"How do I file a roof insurance claim?","How to File a Roof Insurance Claim üìù #shorts","Here's how to file a roof insurance claim the right way. Step one, document the damage. Take photos and videos from the ground before anything gets moved or changed. Step two, call for a professional inspection. We'll provide a detailed damage report with documentation. Step three, contact your insurance company and open a claim. Give them basic facts, don't speculate. Step four, schedule the adjuster visit. We can meet with them to walk through the damage and our findings. Step five, review their assessment. If it seems low, don't just accept it - adjusters often start conservative. Step six, get repairs done by a qualified contractor. Save all documentation. Pro tip - don't sign anything from contractors promising to 'cover your deductible.' That's insurance fraud. We do things the right way.","Step-by-step guide to filing a roof insurance claim. Get the compensation you deserve!

üìû (704) 555-0123
üåê https://bestroofingnow.com/services/storm-damage

#insuranceclaim #roofclaim #stormhelp","how to file roof claim, roof insurance claim process, storm damage claim, insurance claim steps, roof claim help",#InsuranceClaim #StormDamage #ClaimHelp #Shorts
Insurance,"What if my insurance claim is denied?","Roof Insurance Claim Denied? Do This! ‚ö†Ô∏è #shorts","Your roof insurance claim was denied. Now what? Don't panic, and don't give up. First, understand why it was denied. Get the denial in writing and read it carefully. Common reasons include damage deemed 'maintenance related,' pre-existing conditions, or policy exclusions. Second, review your policy. Make sure the denial actually matches what your policy says. Third, document everything again. Sometimes additional documentation can change the decision. Fourth, request a second inspection. You can ask for a re-inspection by a different adjuster. Fifth, consider getting a public adjuster. They work for you, not the insurance company. Sixth, file an appeal. Most denials can be appealed with additional evidence. We've helped many homeowners navigate denied claims. Sometimes the initial 'no' becomes a 'yes' with proper documentation and persistence.","Insurance claim denied? Here's what to do next. Don't give up without a fight!

üìû (704) 555-0123
üåê https://bestroofingnow.com/services/storm-damage

#insuranceclaim #claimdenied #roofhelp","insurance claim denied, roof claim denied, appeal roof claim, insurance denial help, fight insurance denial",#ClaimDenied #InsuranceHelp #RoofClaim #Shorts
Process,"How long does roof replacement take?","How Long Does Roof Replacement Take? ‚è±Ô∏è #shorts","How long will your roof replacement take? For a typical Charlotte home, one to three days. Here's what affects the timeline. Size matters most - a small ranch home might be done in one day, a large two-story could take three. Weather is crucial - we can't work in rain, and extreme heat or cold affects the crew. Material type matters - standard shingles go faster than metal or tile. Complexity adds time - lots of valleys, dormers, skylights, or multiple roof sections take longer. Decking condition - if we find damaged decking, that needs repair before we can continue. Old roof removal - stripping off old materials takes time too. We always give you a realistic timeline before starting, and we communicate if anything changes. Our goal is quality work done efficiently.","How long does it take to replace a roof? Get realistic timelines from Charlotte roofing experts.

üìû (704) 555-0123
üåê https://bestroofingnow.com/process

#roofreplacement #rooftimeline #newroof","how long roof replacement, roof installation time, roof replacement days, roofing timeline, new roof duration",#RoofReplacement #Timeline #NewRoof #Shorts
Process,"What happens on installation day?","What Happens on Roof Installation Day? üè† #shorts","Wondering what happens when we show up to replace your roof? Here's installation day, step by step. Early morning, our crew arrives with materials. We set up tarps to protect your landscaping. Then the tear-off begins - we remove your old roof down to the decking. Once it's exposed, we inspect every inch for damage. Any rotted or damaged decking gets replaced. Next, we install the underlayment, your roof's waterproof membrane. Then drip edge, flashing around all penetrations, and ice and water shield in vulnerable areas. Now the shingles go on, starting from the bottom and working up. Ridge cap finishes the peak. Throughout the day, we're cleaning as we go, running magnetic sweepers to catch nails. End of day, we do a final cleanup and quality inspection. You'll barely know we were there - except for that beautiful new roof!","What to expect on roof installation day. See our complete process from start to finish!

üìû (704) 555-0123
üåê https://bestroofingnow.com/process

#roofinstallation #newroof #installationday","roof installation day, what to expect roofing, roof replacement process, new roof installation, roofing crew",#RoofInstallation #InstallationDay #NewRoof #Shorts
Process,"Do I need to be home during roof work?","Do I Need to Be Home During Roof Work? üè° #shorts","Do you need to be home during your roof replacement? Short answer - no, but there are some things to know. Before we start, you'll want to be present or available for a quick walkthrough. We'll confirm the scope of work and answer any last questions. During the work, you don't need to be there. Our crew is self-sufficient - we have our materials, equipment, and know exactly what to do. We won't need access inside your home in most cases. At the end, it's helpful if you can be available for a final walkthrough. We'll show you the completed work, answer questions, and hand over your warranty information. If you can't be there, we can do a phone walkthrough or leave detailed documentation. One tip - move vehicles out of the driveway before we start. Give us room to work and protect your cars from any falling debris.","Do you need to stay home during roof replacement? Here's what you need to know.

üìû (704) 555-0123
üåê https://bestroofingnow.com/process

#roofreplacement #roofingday #homeowner","be home during roofing, roof replacement home, roofing day tips, homeowner roofing, roof work at home",#RoofReplacement #HomeOwnerTips #RoofingDay #Shorts
Materials,"What type of shingles are best?","What Shingles Are Best for Your Roof? üè† #shorts","What type of shingles should you choose? Let me break down your options. Three-tab shingles are the basic choice. They're flat, uniform, and the most affordable. They work, but they're the entry-level option with a twenty to twenty-five year lifespan. Architectural shingles, also called dimensional or laminate, are the sweet spot for most homeowners. They have depth and texture, better wind resistance, and last twenty-five to thirty years. They look significantly better than three-tab at a reasonable price bump. Designer shingles mimic the look of slate, wood, or tile. They're premium products with enhanced durability and the longest warranties. Great for upscale homes where appearance matters. My recommendation for most Charlotte homes? Architectural shingles. You get the best balance of appearance, durability, warranty coverage, and cost. But we'll help you choose what's right for your specific situation and budget.","Which type of shingles should you choose? Expert advice on three-tab vs architectural vs designer.

üìû (704) 555-0123
üåê https://bestroofingnow.com/materials

#shingles #roofingmaterials #bestshingles","best shingles, shingle types, architectural shingles, three tab vs architectural, roofing materials comparison",#ShingleTypes #RoofMaterials #BestShingles #Shorts
Materials,"How long do shingles last?","How Long Do Shingles Really Last? ‚è±Ô∏è #shorts","How long will your shingle roof actually last? Here's the honest breakdown. Three-tab shingles typically last fifteen to twenty years. Manufacturers may say twenty-five, but in real-world conditions, especially in Charlotte's climate, expect closer to twenty. Architectural shingles last twenty-five to thirty years with proper installation and maintenance. These are the workhorses of the industry. Premium and designer shingles can last thirty years or more, and some carry lifetime warranties. But here's what really determines lifespan. Quality of installation - a poor install shortens life dramatically. Attic ventilation - improper ventilation can cut years off your roof. Maintenance - regular inspections and addressing small issues extends life. Weather exposure - severe storms, intense sun, and other factors vary by location. The number on the warranty isn't a guarantee. Take care of your roof, and it'll give you every year it's designed to last.","How long do shingle roofs really last? Get honest timelines from roofing experts.

üìû (704) 555-0123
üåê https://bestroofingnow.com/guides/how-long-does-roof-last

#shinglelife #rooflifespan #roofing101","how long shingles last, shingle lifespan, roof life expectancy, asphalt shingle durability, roof replacement timeline",#ShingleLife #RoofLifespan #RoofingTips #Shorts
Materials,"Metal roof vs shingles - which is better?","Metal Roof vs Shingles: Which is Better? ‚öñÔ∏è #shorts","Metal roof or shingles - which should you choose? Here's the quick comparison. Cost - shingles are significantly cheaper upfront. Metal costs two to three times more initially. Lifespan - shingles last twenty to thirty years. Metal lasts fifty years or more. That changes the cost equation. Durability - metal handles severe weather better, including high winds, hail, and fire. Energy efficiency - metal reflects heat, potentially lowering cooling costs. Maintenance - both are low maintenance, but metal edges out slightly. Appearance - shingles offer traditional looks in many styles. Metal has come a long way but isn't for every home style. Noise - metal can be louder during rain, though proper installation minimizes this. Resale value - both add value, but metal's longevity can be a selling point. My take? If you're staying in your home long-term and can afford the upfront cost, metal is worth considering. For most homeowners, quality architectural shingles remain the practical choice.","Metal roofing vs asphalt shingles - which is the better choice for your home?

üìû (704) 555-0123
üåê https://bestroofingnow.com/materials

#metalroof #shingles #roofcomparison","metal vs shingles, metal roof comparison, asphalt vs metal, which roof is better, roof material comparison",#MetalRoof #Shingles #RoofComparison #Shorts
Weather,"How do I know if my roof has storm damage?","How to Spot Storm Damage on Your Roof üå™Ô∏è #shorts","Just had a big storm? Here's how to tell if your roof was damaged. From the ground, look for obvious missing shingles - you might see bare spots or shingles in your yard. Check for visible dents or damage on gutters and downspouts - if they're dented, your roof probably is too. Look for fallen debris like branches that could have caused impact damage. Inside your home, check ceilings and attic for new water stains or daylight where there shouldn't be any. After a hail storm specifically, look for dents on soft metals like mailboxes, car hoods, and AC units - if they're dented, so are your shingles. Here's the thing - a lot of storm damage isn't visible from the ground. Hail bruises in shingles, lifted shingle edges, compromised seals - these require a trained eye up close. That's why we offer free storm damage inspections. Let us climb up there and tell you exactly what's going on.","How to check your roof for storm damage. Know the signs and when to call for help.

üìû (704) 555-0123
üåê https://bestroofingnow.com/services/storm-damage

#stormdamage #roofcheck #haildamage","storm damage roof, hail damage signs, wind damage roof, check roof after storm, roof damage inspection",#StormDamage #HailDamage #RoofCheck #Shorts
Weather,"What should I do after a hail storm?","What to Do After a Hail Storm ‚ùÑÔ∏è #shorts","A hail storm just rolled through. Here's exactly what to do. First, wait for it to pass completely - don't go outside during active hail. Second, check for immediate dangers like broken windows or downed power lines. Third, document everything. Take photos of hail on the ground for size reference - use a coin or ruler for scale. Fourth, look at soft metals around your property. Dented gutters, AC units, or car hoods indicate your roof likely took hits too. Fifth, do NOT get on your roof yourself. Walking on hail-damaged shingles can make damage worse, plus it's dangerous. Sixth, call for a professional inspection. Most hail damage isn't visible from the ground. Seventh, don't delay. Insurance claims have time limits, and damage can worsen. Eighth, don't sign anything from storm chasers who show up uninvited. Work with a reputable local company. We're here to help - free storm damage inspections, always.","Just had a hail storm? Here's your step-by-step action plan. Don't delay!

üìû (704) 555-0123
üåê https://bestroofingnow.com/services/storm-damage

#hailstorm #haildamage #stormtips","after hail storm, hail damage steps, hail storm checklist, roof hail damage, what to do hail",#HailStorm #HailDamage #StormTips #Shorts
Weather,"Can you work on my roof in winter?","Can Roofers Work in Winter? ‚ùÑÔ∏è #shorts","Can we replace your roof in winter? Yes, with some considerations. Asphalt shingles have an ideal installation temperature range. Below forty degrees, shingles become brittle and harder to work with. The adhesive strips also need heat to seal properly. But here's the reality - Charlotte winters are relatively mild. We have plenty of workable days even in December, January, and February. We watch the forecast carefully and schedule around temperature drops and precipitation. For emergency repairs, we work year-round regardless of temperature. If your roof is leaking, we're not going to tell you to wait until spring. Some precautions we take in cold weather - we hand-seal shingles that might not self-seal in low temps, we're extra careful about material handling to prevent cracking, and we work during the warmest part of the day when possible. Bottom line - don't assume you have to wait for spring. Call us, and we'll assess your situation and timeline options.","Can you get a new roof in winter? Yes! Learn about cold weather roofing considerations.

üìû (704) 555-0123
üåê https://bestroofingnow.com

#winterroofing #roofingseason #coldweather","winter roofing, cold weather roofing, roof replacement winter, roofing in winter, can roofers work in cold",#WinterRoofing #ColdWeather #RoofingTips #Shorts
Weather,"What are ice dams and how do I prevent them?","What Are Ice Dams? Prevention Tips! üßä #shorts","Ice dams can cause serious roof damage. Here's what they are and how to prevent them. An ice dam forms when heat escapes through your roof, melting snow on top. That water runs down to the cold roof edge and refreezes, creating a dam. As more snow melts, water backs up behind the dam and can get under your shingles into your home. The root cause? Usually inadequate attic insulation and ventilation. Heat from your living space gets into the attic and warms the roof from below. Prevention focuses on keeping your attic cold. First, add insulation to stop heat from entering your attic. Second, ensure proper ventilation so any heat that does get in can escape. Third, seal air leaks around light fixtures, pipes, and access hatches. Fourth, keep gutters clear so water can flow when things do melt. If you're seeing ice dams, it's a symptom of a bigger problem. We can assess your situation and recommend solutions before water damage occurs.","What are ice dams and how do you prevent them? Protect your roof this winter!

üìû (704) 555-0123
üåê https://bestroofingnow.com/problems/ice-dams

#icedam #winterroof #roofprotection","ice dams, ice dam prevention, roof ice problems, winter roof damage, ice dam solutions",#IceDam #WinterRoof #RoofProtection #Shorts
Company,"Are you licensed and insured?","Are We Licensed and Insured? ‚úÖ #shorts","Are we licensed and insured? Absolutely, and here's why you should always ask this question. Our licensing means we've met the requirements set by the state to perform roofing work legally. It means we know the codes, we pass inspections, and we're accountable to regulatory authorities. Our insurance protects you. General liability insurance covers property damage. Workers' compensation insurance covers any injuries to our crew on your property. Without these, YOU could be held liable if something goes wrong. Unfortunately, not all roofing contractors carry proper insurance, and some let licenses lapse. Always ask to see proof. We're happy to provide our license numbers and certificates of insurance anytime. We're also certified by GAF, CertainTeed, and Owens Corning, which requires meeting additional standards and qualifications. When you work with Best Roofing Now, you're working with a legitimate, professional company that does things the right way. No shortcuts.","Licensed and insured? Always ask! Here's why it matters for your protection.

üìû (704) 555-0123
üåê https://bestroofingnow.com/about

#licensedcontractor #insuredroofer #saferoofing","licensed roofer, insured roofing company, roofing insurance, contractor license, hire licensed roofer",#LicensedContractor #Insured #SafeRoofing #Shorts
Company,"Do you offer free estimates?","Do We Offer Free Estimates? üíØ #shorts","Yes! We offer completely free roof inspections and estimates. No obligation, no pressure, no catches. Here's what you get. A trained professional comes to your property. We do a thorough visual inspection from the ground and, weather permitting, get up on your roof for a close look. We check shingles, flashing, vents, gutters, and all components. We take photos documenting what we find. Then we sit down with you and explain the condition of your roof in plain English. If repairs or replacement are needed, we provide a detailed written estimate breaking down the scope of work and cost. If your roof is in good shape, we'll tell you that too. We're not trying to sell you something you don't need. Why free? Because we believe in earning your trust before earning your business. Give us a chance to show you what honest, professional service looks like. Schedule your free inspection today.","Free roof inspections and estimates - no obligation, no pressure. Here's what you get!

üìû (704) 555-0123
üåê https://bestroofingnow.com

#freeestimate #freeinspection #roofquote","free roof estimate, free roof inspection, no obligation roofing, free roofing quote, get roof estimate",#FreeEstimate #FreeInspection #NoObligation #Shorts
Company,"Why should I choose a veteran-owned company?","Why Choose a Veteran-Owned Roofer? üéñÔ∏è #shorts","Why does being veteran-owned matter when choosing a roofer? Let me explain what military values mean for your roofing project. Discipline - our crews show up on time, every time. Military training instills punctuality and reliability that carries into civilian work. Attention to detail - in the military, details matter. Lives depend on it. We bring that same meticulous approach to every roof we install. Integrity - our word is our bond. If we say we'll do something, we do it. No excuses, no shortcuts. Teamwork - our crews work together efficiently because we understand the importance of coordination and communication. Commitment to excellence - good enough isn't good enough. We aim for excellence in every project, period. Service mindset - we're here to serve you, our customer. Your satisfaction is our mission. When you hire Best Roofing Now, you're not just getting a roofing contractor. You're getting a team that lives by values forged in service to something bigger than themselves. We're proud veterans, and we bring those principles to every roof.","Why choose a veteran-owned roofing company? Military values mean better service!

üìû (704) 555-0123
üåê https://bestroofingnow.com/about

#veteranowned #militaryvalues #veteranbusiness","veteran owned roofer, military values business, veteran roofing company, hire veterans, veteran contractor",#VeteranOwned #MilitaryValues #VeteranBusiness #Shorts
Problems,"How do I find a roof leak?","How to Find a Roof Leak üíß #shorts","Got a leak but can't find where it's coming from? Here's how to track it down. First, understand that leaks travel. The wet spot on your ceiling might be feet away from where water enters your roof. Water runs along rafters and decking before finding a way through. Start in the attic. On a rainy day or with a helper running water on the roof, go up there with a flashlight. Look for wet spots, stains, or daylight coming through. Trace water marks upward toward the roof deck. Common leak sources include damaged flashing around chimneys, vents, and skylights. Check these areas first. Look at vent boots - the rubber seals around plumbing vents crack over time. Valley intersections where two roof planes meet are vulnerable spots. Examine for missing, damaged, or lifted shingles. Can't find it? That's normal. Leaks can be incredibly tricky to locate. That's why we offer free leak inspections. Let an experienced eye find the source and fix it right the first time.","Can't find your roof leak? Here's how to track it down and what to look for.

üìû (704) 555-0123
üåê https://bestroofingnow.com/problems/roof-leaks

#roofleak #findleak #leakdetection","find roof leak, roof leak detection, track down leak, where is roof leaking, roof leak source",#RoofLeak #LeakDetection #RoofProblems #Shorts
Problems,"What causes shingles to curl?","Why Are My Shingles Curling? üîÑ #shorts","Noticing your shingles curling up? Here's what causes it and what to do. The most common cause is age. As shingles get older, they lose their flexibility and natural oils, causing the edges to curl up or the centers to cup. Poor ventilation accelerates this. When your attic gets too hot, it bakes shingles from below, causing premature aging and curling. Proper ventilation is critical for roof longevity. Improper installation can cause curling too. If shingles weren't nailed correctly or underlayment wasn't installed properly, curling can start early. Moisture trapped under shingles from leaks or condensation can cause warping and curling. Defective materials happen occasionally. Some batches of shingles have manufacturing issues that lead to early failure. Is curling a problem? Yes. Curled shingles don't seal properly, making your roof vulnerable to wind damage and water intrusion. If you're seeing widespread curling, it's usually a sign your roof is approaching replacement time. Localized curling might be repairable. We can assess and advise.","Why do roof shingles curl? Learn the causes and what it means for your roof.

üìû (704) 555-0123
üåê https://bestroofingnow.com/problems

#curlingshingles #roofproblems #shingledamage","curling shingles, shingle curl causes, shingles curling up, roof shingle problems, why shingles curl",#CurlingShingles #RoofProblems #ShingleDamage #Shorts
Problems,"Is moss on my roof bad?","Is Moss Bad for Your Roof? üåø #shorts","See moss growing on your roof? Here's whether you should be concerned. The short answer - yes, moss is bad for your roof. Here's why. Moss holds moisture against your shingles constantly. This accelerated wear degrades the roofing material faster than normal. Moss can grow under shingle edges, lifting them and allowing water intrusion. The root systems can work into cracks and gaps, causing further damage. In winter, moisture in moss freezes and expands, causing physical damage. How does moss grow in the first place? Shaded areas that stay damp, overhanging trees dropping debris, and north-facing roof sections are prime spots. It's more common in our humid Charlotte climate. Can you remove it yourself? Be careful. Pressure washing damages shingles. Harsh chemicals can cause harm too. Gentle cleaning with appropriate products works, but it's easy to cause more damage than you fix. Prevention is better. Trim back trees, improve airflow, and consider zinc or copper strips that inhibit growth. Let us assess your moss situation and recommend the right approach.","Moss on your roof - is it a problem? Learn why you shouldn't ignore it.

üìû (704) 555-0123
üåê https://bestroofingnow.com/problems/moss-algae

#mossroof #roofmoss #roofcleaning","moss on roof, roof moss removal, is moss bad for roof, moss damage roof, moss prevention roof",#MossRoof #RoofMoss #RoofCleaning #Shorts
Problems,"What does hail damage look like on shingles?","What Does Hail Damage Look Like? ‚ùÑÔ∏è #shorts","Wondering if your roof has hail damage? Here's what to look for. On asphalt shingles, hail creates circular dents or bruises. They might not be obvious at first. Run your hand across the shingle - you'll feel soft spots where the granules have been knocked loose and the fiberglass mat underneath is damaged. Look for random, scattered damage patterns. Hail doesn't hit in neat rows or only on certain shingles - it's random across the roof surface. Exposed black substrate where granules are completely knocked off is a clear sign. Check your soft metals for reference. If aluminum vents, gutters, or AC fins are dented, your shingles likely took hits too. Hail damage is sneaky. It might not leak immediately, but those bruised spots will fail faster than undamaged areas. Over time, they'll crack, curl, and let water in. The damage is done even if you can't see leaks yet. After any hail storm, get a professional inspection. Insurance covers hail damage, but claims have time limits. Don't wait until it becomes obvious.","How to identify hail damage on your roof. Know what to look for after a storm!

üìû (704) 555-0123
üåê https://bestroofingnow.com/problems/hail-damage

#haildamage #roofhail #stormroof","hail damage shingles, hail damage signs, identify hail damage, roof hail inspection, hail damage roof",#HailDamage #RoofHail #StormDamage #Shorts
Maintenance,"How often should I have my roof inspected?","How Often Should You Inspect Your Roof? üîç #shorts","How often should you get your roof inspected? Here's my recommendation. At minimum, once a year. Twice a year is even better - once in spring to check for winter damage, once in fall to prepare for winter. After any major storm, always. Hail, high winds, heavy rain, or fallen debris warrant an immediate check. When you're buying or selling a home, definitely. A roof inspection is essential for both buyers and sellers. If your roof is over ten years old, regular inspections become more important. Problems develop faster as roofs age. If you notice any warning signs - water stains, missing shingles, granules in gutters - get an inspection right away. Our inspections are free and take about thirty minutes. We check everything - shingles, flashing, vents, gutters, and the attic if accessible. You get a detailed report of what we find. Think of it like a checkup for your home's most important protective system. A small problem caught early might cost a hundred dollars to fix. Ignored for a year, it could cost thousands.","How often should you inspect your roof? Expert recommendations for homeowners.

üìû (704) 555-0123
üåê https://bestroofingnow.com/services/roof-inspection

#roofinspection #roofcheckup #homeowner","roof inspection frequency, how often inspect roof, annual roof inspection, roof checkup, regular roof inspection",#RoofInspection #AnnualCheckup #HomeOwnerTips #Shorts
Maintenance,"Can I walk on my roof?","Should You Walk on Your Roof? ‚ö†Ô∏è #shorts","Can you walk on your roof? Technically yes, but should you? Probably not. Here's why. First, it's dangerous. Falls from roofs are a leading cause of home injury deaths. Even a single-story fall can be life-changing. Professionals have training, safety equipment, and experience. Second, you can cause damage. Walking on hot shingles in summer can leave footprints and dislodge granules. Stepping on cold, brittle shingles in winter can crack them. One wrong step can break a weakened area. Third, you might miss what you're looking for. Unless you know exactly what to look for, you could walk right past problems. Or you might think something is fine when it's not. Fourth, warranty implications. Some manufacturers void warranties if unqualified people work on the roof. If you need to check something, use binoculars from the ground. For anything more, call a professional. We're trained, equipped, and insured for this. The free inspection isn't worth risking your safety or damaging your roof.","Should you walk on your roof? Here's why you should leave it to the pros.

üìû (704) 555-0123
üåê https://bestroofingnow.com/services/roof-inspection

#roofsafety #dontwalk #rooftips","walk on roof, roof walking safe, can I go on roof, roof safety tips, walking on shingles",#RoofSafety #StaySafe #ProInspection #Shorts
Maintenance,"What maintenance does my roof need?","What Roof Maintenance Do You Actually Need? üîß #shorts","What maintenance does your roof actually need? Here's the essentials. Keep it clean. Remove leaves, branches, and debris that accumulate, especially in valleys and against chimneys. Debris holds moisture and can damage your roof over time. Trim overhanging branches. Trees touching your roof scratch shingles, drop debris, and give animals a bridge to your home. Keep branches several feet back. Clean your gutters regularly. At least twice a year, remove debris so water flows freely. Clogged gutters cause water backup and ice dams. Check flashings visually. Look for obvious separation, rust, or damage around chimneys, vents, and roof edges from the ground or a ladder. Get annual professional inspections. We'll catch things you can't see - worn spots, lifted shingles, failing seals. Address problems promptly. A small issue now becomes a big problem later. Fix things when they're small. Most roof maintenance is about prevention, not repair. A little attention each year prevents expensive surprises. Your roof protects everything underneath - it deserves some care in return.","Essential roof maintenance every homeowner needs to know. Keep your roof lasting longer!

üìû (704) 555-0123
üåê https://bestroofingnow.com/services/roof-maintenance

#roofmaintenance #roofcare #homeowner","roof maintenance tips, maintain roof, roof care guide, annual roof maintenance, roof upkeep",#RoofMaintenance #RoofCare #HomeOwnerTips #Shorts
Maintenance,"How do I extend my roof's lifespan?","How to Make Your Roof Last Longer ‚è±Ô∏è #shorts","Want your roof to last as long as possible? Here's how to maximize its lifespan. First, ventilation. Proper attic ventilation prevents heat buildup that bakes your shingles from below. This single factor can add or subtract years from your roof's life. Second, insulation. Good insulation keeps heat in your living space and out of your attic, working hand in hand with ventilation. Third, regular inspections. Annual professional inspections catch small problems before they become big ones. Most roofing damage is preventable if caught early. Fourth, prompt repairs. Don't put off fixing issues. A loose shingle now becomes water damage, rot, and structural problems later. Fifth, gutter maintenance. Keep gutters clean and flowing. Water backup damages fascia, causes ice dams, and can work under shingles. Sixth, tree management. Trim back branches, remove overhanging limbs, keep debris off your roof. Seventh, quality materials and installation. This starts at installation - cheap materials and poor workmanship shorten lifespan from day one. Do these things consistently, and you'll get every year your roof was designed to deliver.","Tips to maximize your roof's lifespan. Make your investment last longer!

üìû (704) 555-0123
üåê https://bestroofingnow.com/services/roof-maintenance

#rooflifespan #roofcare #lastingroof","extend roof life, make roof last longer, roof longevity tips, maximize roof lifespan, roof care tips",#RoofLifespan #RoofCare #ExtendRoofLife #Shorts
