Location,Page URL,Video Type,YouTube Title,YouTube Description,Video Script,Tags,Hashtags
Concord NC,/locations/concord,Long-form,"Roofing in Concord NC | Your Local Cabarrus County Roofer","Looking for a roofer in Concord, NC? Best Roofing Now serves Concord and all of Cabarrus County with expert residential and commercial roofing.

Services in Concord:
üè† Residential roofing
üè¢ Commercial roofing
üîß Repairs & replacements
‚õàÔ∏è Storm damage help

üìû (704) 555-0123
üåê https://bestroofingnow.com/locations/concord

#ConcordNC #CabarrusCounty #LocalRoofer","Concord homeowners and business owners, if you need roofing services, let me tell you why Best Roofing Now is your best choice in Cabarrus County.

Concord is one of the fastest-growing cities in North Carolina, and we've been serving this community as it's expanded. From established neighborhoods near downtown to new developments on the outskirts, we've worked on roofs across the entire Concord area.

What makes Concord roofing unique? The mix of housing here is diverse - you've got historic homes, mid-century neighborhoods, and brand new construction. Each requires different approaches and expertise. We've seen it all and handled it all.

Cabarrus County weather can be challenging for roofs. Summer heat, occasional severe storms, and everything in between. We understand what local conditions do to roofing materials and factor that into our recommendations.

Our Concord services include complete roof replacements with premium materials, all types of repairs from minor fixes to major restoration, storm damage assessment and insurance claim assistance, gutter services, siding work, and emergency response when you need it fast.

We've built relationships with homeowners throughout Concord. Ask around your neighborhood - chances are someone on your street has worked with us. That reputation is earned through quality work, fair pricing, and treating every customer right.

Whether you're in Afton Village, Skybrook, Moss Creek, or anywhere else in Concord, we're here to help. Schedule your free inspection and see why Concord chooses Best Roofing Now.","concord nc roofing, roofer concord, cabarrus county roofer, concord roof repair, concord roof replacement, roofing contractor concord nc",#ConcordNC #CabarrusCounty #NCRoofer #LocalRoofer
Fort Mill SC,/locations/fort-mill,Long-form,"Fort Mill SC Roofing | Serving York County's Fastest Growing Town","Expert roofing services in Fort Mill, SC. Best Roofing Now provides residential and commercial roofing to Fort Mill and surrounding York County communities.

Fort Mill services:
üè† New construction roofing
üè° Existing home repairs
üîÑ Complete replacements
üìã Insurance claims

üìû (704) 555-0123
üåê https://bestroofingnow.com/locations/fort-mill

#FortMillSC #YorkCounty #SCRoofer","Fort Mill, South Carolina - one of the fastest-growing towns in the nation and a community we're proud to serve. Let me tell you about roofing in Fort Mill.

Fort Mill has transformed in recent years. New neighborhoods seem to pop up constantly, families are moving in from everywhere, and the demand for quality contractors has never been higher. Unfortunately, that also means a lot of subpar contractors have moved in too. We're here to be the reliable choice you can trust.

What's unique about Fort Mill roofing? First, there's tons of new construction. Even new roofs can have issues if not installed properly, and we've repaired many roofs on homes only a few years old. Second, the growth means different builders, different standards, and varied quality. Not all new construction is equal.

For established Fort Mill homes, we handle everything from maintenance and repairs to complete replacements. We're familiar with the neighborhoods, the home styles, and what works best in this area.

Our South Carolina work meets all York County codes and requirements. We know the local inspection process, we're properly licensed for SC work, and we ensure everything is done right.

From Baxter Village to Springfield, from Regent Park to Fort Mill's historic downtown area, we cover it all. New roof on a brand new home, storm damage repair on an established property, emergency service when you need it - we're here.

Fort Mill deserves contractors who care about quality. That's us. Call for your free inspection today.","fort mill sc roofing, roofer fort mill, york county sc roofer, fort mill roof repair, baxter village roofing, fort mill roof replacement",#FortMillSC #YorkCountySC #SCRoofer #LocalContractor
Matthews NC,/locations/matthews,Long-form,"Matthews NC Roofing | Southeast Charlotte's Trusted Roofer","Looking for a roofer in Matthews, NC? Best Roofing Now provides expert roofing services to Matthews and the southeast Charlotte area.

Matthews services:
üè† Full roofing services
‚≠ê 5-star rated
üéñÔ∏è Veteran-owned
‚úÖ Free inspections

üìû (704) 555-0123
üåê https://bestroofingnow.com/locations/matthews

#MatthewsNC #SoutheastCharlotte #LocalRoofer","Matthews, North Carolina - a charming town with its own distinct identity in the Charlotte metro area. Today I want to talk to Matthews homeowners about your roofing needs.

Matthews has a wonderful mix of properties. The historic downtown area has some beautiful older homes with character. Established neighborhoods have homes ranging from thirty to fifty-plus years old. And newer developments have brought contemporary construction to the area.

This variety means we see every type of roofing situation in Matthews. Older homes sometimes have unique challenges - different roof pitches, older materials, and sometimes multiple layers of shingles from past roofings. Newer homes generally have straightforward needs but aren't immune to storm damage or installation issues.

Matthews homeowners tend to take pride in their properties, and we appreciate that. When you invest in your home, you want contractors who respect that investment. That's exactly how we approach every job - your home deserves our best work.

We provide all roofing services in Matthews including inspections, repairs of any size, complete roof replacements, storm damage restoration, gutter services, and emergency response. We're also happy to help with insurance claims when storms cause damage.

If you're in Matthews and have any concerns about your roof - whether it's reaching a certain age, you've noticed something concerning, or you just want a professional assessment - we're here. The inspection is free, and our advice is always honest. Let's make sure your Matthews home is protected.","matthews nc roofing, roofer matthews, southeast charlotte roofer, matthews roof repair, matthews roof replacement, roofing contractor matthews",#MatthewsNC #SoutheastCharlotte #NCRoofer #LocalRoofer
Mooresville NC,/locations/mooresville,Long-form,"Mooresville NC Roofing | Lake Norman's North Shore Roofer","Expert roofing services in Mooresville, NC. Best Roofing Now serves Mooresville and the Lake Norman area with quality residential and commercial roofing.

Mooresville services:
üè† Lakefront expertise
üè° All neighborhoods
‚õàÔ∏è Storm damage pros
‚úÖ Free estimates

üìû (704) 555-0123
üåê https://bestroofingnow.com/locations/mooresville

#MooresvilleNC #LakeNorman #IredellCounty","Mooresville, North Carolina - Race City USA and one of the most desirable communities on Lake Norman. If you're looking for a roofer in Mooresville, here's what you need to know about us.

Mooresville presents some unique roofing considerations. First, the lake. Properties near Lake Norman deal with slightly different conditions - humidity, occasional wind exposure, and specific environmental factors that we account for in our work.

Second, the variety of homes here is impressive. From modest starter homes to multi-million dollar lakefront estates, Mooresville has it all. We work on the full spectrum, bringing the same quality and attention to every job regardless of size.

Mooresville's growth has been tremendous. New subdivisions continue to develop, bringing beautiful new homes to the area. We've worked with homeowners in brand new construction who needed repairs or had concerns, as well as long-time Mooresville residents maintaining their established homes.

Iredell County building requirements and Mooresville town regulations are second nature to us. We handle permits, inspections, and all the administrative aspects so you don't have to worry.

Our Mooresville services include everything you'd expect - inspections, repairs, replacements, storm damage work, gutters, and more. We respond to emergencies quickly, understanding that issues can't always wait.

Whether you're in Langtree, Morrison Plantation, Curtis Pond, or anywhere else in Mooresville, we're ready to help. Your Lake Norman area home deserves quality roofing services, and that's exactly what we deliver.","mooresville nc roofing, roofer mooresville, lake norman north roofer, mooresville roof repair, iredell county roofing, race city roofer",#MooresvilleNC #LakeNorman #IredellCounty #NCRoofer
Gastonia NC,/locations/gastonia,Long-form,"Gastonia NC Roofing | Gaston County's Trusted Choice","Looking for a roofer in Gastonia, NC? Best Roofing Now provides comprehensive roofing services to Gastonia and all of Gaston County.

Gastonia services:
üè† Residential roofing
üè¢ Commercial services
üîß All repairs
‚õàÔ∏è Storm response

üìû (704) 555-0123
üåê https://bestroofingnow.com/locations/gastonia

#GastoniaNC #GastonCounty #WestCharlotte","Gastonia and Gaston County, if you need roofing work done right, Best Roofing Now is here for you.

Gastonia is the largest city in Gaston County and one of the most significant communities in the Charlotte metro area. We've been serving Gastonia homeowners and businesses, building relationships and our reputation one roof at a time.

What do we see in Gastonia? A community with deep roots and proud homeowners. Many homes here have been in families for generations. Others are new purchases by people discovering the value and quality of life Gaston County offers.

The housing stock in Gastonia varies widely. Historic homes downtown, established subdivisions from various decades, rural properties, and newer construction in growing areas. We have experience with all of it.

Commercial roofing is also a significant part of what we do in Gastonia. With the business community here, we've worked on retail buildings, industrial properties, office complexes, and more.

Gaston County weather can be tough on roofs. We're in the path of storms coming across the Piedmont, and damage happens. Our storm damage services help Gastonia residents recover quickly, including assistance with insurance claims.

From downtown Gastonia to Robinson, from Franklin Urban Sports District to the outskirts toward Cherryville, we cover the whole area. Your Gastonia property deserves quality roofing services from people who know the community. That's us.","gastonia nc roofing, roofer gastonia, gaston county roofer, gastonia roof repair, west charlotte roofing, gastonia roof replacement",#GastoniaNC #GastonCounty #WestCharlotte #NCRoofer
Indian Trail NC,/locations/indian-trail,Long-form,"Indian Trail NC Roofing | Union County Roofing Experts","Expert roofing services in Indian Trail, NC. Best Roofing Now serves Indian Trail and Union County with quality residential roofing.

Indian Trail services:
üè† Growing community experts
‚≠ê 5-star service
üè° All home types
‚úÖ Free inspections

üìû (704) 555-0123
üåê https://bestroofingnow.com/locations/indian-trail

#IndianTrailNC #UnionCounty #NCRoofer","Indian Trail, one of the fastest-growing towns in North Carolina and a community we're proud to serve. Let me tell you about roofing in Indian Trail.

Indian Trail has exploded in growth over the past decade. What was once a small town has become a thriving community with beautiful neighborhoods, excellent schools, and a high quality of life. With that growth comes a lot of new construction and a lot of roofing needs.

Here's what we see in Indian Trail. Many homes are relatively new, built in the 2000s, 2010s, and 2020s. But even newer roofs need maintenance, repairs, and eventually replacement. Storms don't discriminate based on roof age - hail and wind damage happen to new and old roofs alike.

We've worked throughout Indian Trail's neighborhoods. Sun Valley, Hemby Bridge, Faith Church Road corridor, and everywhere in between. The homes here are generally well-maintained by proud owners, and we match that pride with quality work.

Union County continues to grow, and Indian Trail is right at the center of it. As your community expands, the need for reliable contractors you can trust becomes more important. We're here to be that trusted partner for your roofing needs.

Our Indian Trail services include everything from routine inspections to emergency repairs to complete replacements. If Union County storms cause damage, we're ready to help with assessment and insurance claims.

If you're in Indian Trail, give us a call. Your free inspection awaits.","indian trail nc roofing, roofer indian trail, union county roofer, indian trail roof repair, indian trail roof replacement, southeast charlotte roofing",#IndianTrailNC #UnionCounty #NCRoofer #GrowingCommunity
Monroe NC,/locations/monroe,Long-form,"Monroe NC Roofing | Union County's County Seat Roofing Experts","Roofing services in Monroe, NC. Best Roofing Now provides expert residential and commercial roofing to Monroe and Union County.

Monroe services:
üè† Historic & modern homes
üè¢ Commercial buildings
üîß All repairs
‚úÖ Free estimates

üìû (704) 555-0123
üåê https://bestroofingnow.com/locations/monroe

#MonroeNC #UnionCounty #NCRoofer","Monroe, North Carolina - the county seat of Union County and a community with deep history and exciting growth. Today I want to speak to Monroe homeowners about your roofing needs.

Monroe offers an interesting mix. The downtown and surrounding areas have historic homes, some quite old, with character and charm. The outskirts have seen tremendous growth with new neighborhoods and modern construction. We serve both.

Historic homes in Monroe can present unique roofing challenges. Different architectural styles, varying roof pitches, and sometimes existing conditions that need careful attention. We approach these with the respect they deserve while ensuring proper protection.

Newer Monroe construction is generally more straightforward but not without needs. Storm damage affects everyone, and even recent roofs can have issues from installation quality or material defects.

Commercial roofing is part of Monroe's story too. With the businesses that make this community's economy, we provide commercial services for flat roofs, metal roofs, and everything in between.

Monroe and Union County see their share of severe weather. When storms roll through, we're ready to respond. Damage assessment, emergency tarping, insurance documentation, and repairs - we handle the whole process.

Whether you're on the square downtown, in an established neighborhood, or in one of the newer developments spreading toward Waxhaw and Indian Trail, we're your Monroe roofing resource. Call for your free inspection.","monroe nc roofing, roofer monroe, union county seat roofer, monroe roof repair, monroe roof replacement, union county nc roofing",#MonroeNC #UnionCounty #NCRoofer #CountySeat
Waxhaw NC,/locations/waxhaw,Long-form,"Waxhaw NC Roofing | Historic Charm, Modern Roofing Services","Expert roofing in Waxhaw, NC. Best Roofing Now serves Waxhaw's historic downtown and growing neighborhoods with quality roofing services.

Waxhaw services:
üè† Historic expertise
üè° New construction
‚≠ê Quality assured
‚úÖ Free inspections

üìû (704) 555-0123
üåê https://bestroofingnow.com/locations/waxhaw

#WaxhawNC #UnionCounty #HistoricWaxhaw","Waxhaw, North Carolina - where historic charm meets modern growth. If you're looking for a roofer in Waxhaw, let me tell you why Best Roofing Now is the right choice.

Waxhaw has a special character. The historic downtown, the tree-lined streets, the sense of community - it's a special place. At the same time, Waxhaw and the surrounding area have grown tremendously, with beautiful new neighborhoods offering modern living.

This combination means we see diverse roofing needs. Historic properties sometimes have unique requirements. Older roofing systems, different materials, and the need to maintain the character while ensuring proper protection. We handle these with care and expertise.

New construction in Waxhaw follows modern building practices, and we're well-versed in current roofing technology and materials. Whether your home was built last year or a century ago, we have the expertise to serve you.

Waxhaw homeowners take pride in their properties. The beautiful homes here deserve beautiful roofs that protect them for decades. That's what we deliver - quality materials, expert installation, and attention to detail.

Our Waxhaw services include free inspections, repairs of all sizes, complete replacements, storm damage restoration, and emergency services. We're also experienced with insurance claims when weather causes damage.

If you're in Waxhaw and want to know the condition of your roof, or if you have concerns about damage or aging, give us a call. The inspection is free, the advice is honest, and the work is guaranteed.","waxhaw nc roofing, roofer waxhaw, waxhaw roof repair, union county waxhaw roofer, historic waxhaw roofing, waxhaw roof replacement",#WaxhawNC #UnionCounty #HistoricWaxhaw #NCRoofer
Tega Cay SC,/locations/tega-cay,Long-form,"Tega Cay SC Roofing | Lake Wylie Peninsula Experts","Roofing services in Tega Cay, SC. Best Roofing Now serves Tega Cay and the Lake Wylie area with expert residential roofing.

Tega Cay services:
üè† Peninsula expertise
üåä Waterfront knowledge
‚≠ê 5-star service
‚úÖ Free estimates

üìû (704) 555-0123
üåê https://bestroofingnow.com/locations/tega-cay

#TegaCaySC #LakeWylie #PeninsulaLiving","Tega Cay, South Carolina - the unique peninsula community on Lake Wylie. If you live in Tega Cay, let me tell you about roofing services designed for your community.

Tega Cay is unlike anywhere else. A planned community on a peninsula surrounded by Lake Wylie, with a strong sense of community and beautiful homes throughout. Living here comes with certain considerations for your home, including your roof.

The lake environment creates specific conditions. Humidity can be slightly higher. Wind exposure, particularly for homes near the water, can be a factor. These things influence how roofs perform and what maintenance they need.

Homes in Tega Cay range from the original construction to recent builds. We've worked on properties throughout the peninsula, from houses backing up to the golf course to waterfront homes and everything in between.

Tega Cay homeowners expect quality, and we deliver. The community here is tight-knit, and word gets around quickly about contractors. We've built our reputation one satisfied customer at a time.

Our Tega Cay services include comprehensive inspections, all types of repairs, complete roof replacements, gutter work, and emergency services. When storms affect the area, we respond quickly to assess and repair damage.

South Carolina licensing, York County code compliance, and understanding Tega Cay's specific requirements are all part of what we bring to the table. Your peninsula home deserves quality care, and that's exactly what we provide.","tega cay sc roofing, roofer tega cay, lake wylie roofer, peninsula roofing, tega cay roof repair, york county sc roofing",#TegaCaySC #LakeWylie #PeninsulaLiving #SCRoofer
Lake Wylie SC,/locations/lake-wylie,Long-form,"Lake Wylie SC Roofing | Serving the Lake Community","Expert roofing for Lake Wylie, SC. Best Roofing Now provides residential roofing services to Lake Wylie and surrounding York County areas.

Lake Wylie services:
üåä Lakefront expertise
üè† All home styles
‚õàÔ∏è Storm response
‚úÖ Free inspections

üìû (704) 555-0123
üåê https://bestroofingnow.com/locations/lake-wylie

#LakeWylieSC #YorkCounty #LakefrontRoofing","Lake Wylie, South Carolina - the community centered around one of the Charlotte region's most beautiful lakes. Let's talk about roofing for Lake Wylie homes.

Lake Wylie isn't incorporated as a city, but it's a distinct community with its own identity. Homes here range from cozy cottages to expansive waterfront estates. What they all have in common is the need for quality roofing that performs in this unique environment.

Living near the lake means certain considerations. Waterfront and water-adjacent properties may experience more humidity and different wind patterns than inland homes. Materials and installation techniques should account for these factors.

The Lake Wylie area has grown substantially, with new construction throughout. At the same time, established homes from various eras make up much of the community. We're experienced with all of it.

Storm damage is something we deal with regularly in Lake Wylie. When severe weather crosses the lake, it can cause significant damage. Our storm response includes rapid assessment, emergency tarping, thorough documentation for insurance, and quality repairs.

Whether your Lake Wylie home looks out on the water or sits in one of the many neighborhoods throughout the area, we're here to serve you. From routine maintenance to major replacements, we handle it all.

York County residents can count on us for professional, reliable service. Give us a call for your free inspection and see why Lake Wylie homeowners choose Best Roofing Now.","lake wylie sc roofing, roofer lake wylie, waterfront roofing, lake wylie roof repair, york county sc roofer, lake wylie roof replacement",#LakeWylieSC #YorkCounty #WaterfrontRoofing #SCRoofer
Cornelius NC,/locations/cornelius,Long-form,"Cornelius NC Roofing | Lake Norman South Shore Experts","Roofing services in Cornelius, NC. Best Roofing Now serves Cornelius and the Lake Norman corridor with expert residential roofing.

Cornelius services:
üè† Lake Norman expertise
‚≠ê Premium service
üè° All neighborhoods
‚úÖ Free estimates

üìû (704) 555-0123
üåê https://bestroofingnow.com/locations/cornelius

#CorneliusNC #LakeNorman #NorthCharlotte","Cornelius, North Carolina - a premier Lake Norman community with beautiful homes and discerning homeowners. If you're looking for quality roofing in Cornelius, here's what we offer.

Cornelius sits in a prime spot along Lake Norman, with a mix of waterfront properties, golf course homes, and residential neighborhoods ranging from established to brand new. The quality of homes here is exceptional, and they deserve exceptional roofing services.

We understand what Cornelius homeowners expect. Attention to detail. Respect for your property. Communication throughout the process. Quality materials and expert installation. We deliver on all of these.

Lake Norman's environment means slightly different conditions than inland areas. We account for this in our recommendations and installation practices, ensuring your roof performs optimally in this setting.

Cornelius has seen significant development, with new construction continuing to add to the community. We work on new homes and established properties alike, bringing the same commitment to quality regardless of home age or value.

Our Cornelius services include comprehensive roof inspections, repairs from minor to major, complete replacements with premium materials, storm damage restoration, gutter services, and emergency response.

We've built relationships throughout Cornelius and the Lake Norman corridor. Our reputation here matters to us, and we protect it by doing quality work for every customer.

Ready to see the condition of your roof? Call us for your free inspection. We'll give you an honest assessment and recommendations you can trust.","cornelius nc roofing, roofer cornelius, lake norman south roofer, cornelius roof repair, cornelius roof replacement, north charlotte roofing",#CorneliusNC #LakeNorman #NorthCharlotte #NCRoofer
Davidson NC,/locations/davidson,Long-form,"Davidson NC Roofing | College Town Quality Roofing Services","Expert roofing in Davidson, NC. Best Roofing Now serves Davidson's historic downtown and surrounding neighborhoods with quality roofing.

Davidson services:
üè† Historic & modern
üéì College town service
‚≠ê Quality focused
‚úÖ Free inspections

üìû (704) 555-0123
üåê https://bestroofingnow.com/locations/davidson

#DavidsonNC #LakeNorman #CollegeTown","Davidson, North Carolina - home to Davidson College and one of the most charming towns in the Charlotte region. Let me tell you about roofing services for Davidson.

Davidson has a special character. The college, the historic downtown, the tree-lined streets, and the strong sense of community make it unique. Homes here range from historic properties with significant age to newer construction in developing areas.

We appreciate what makes Davidson special. Historic homes require a careful touch - understanding older construction, preserving character while ensuring protection, and working with materials that may be different from modern standards. We bring that expertise and respect.

At the same time, Davidson has grown with beautiful new neighborhoods joining the community. Modern homes require modern roofing solutions, and we're equally proficient with contemporary materials and techniques.

Davidson's lakeside location and wooded neighborhoods mean we deal with specific conditions - humidity, tree debris, and the occasional windstorm. Proper material selection and maintenance help roofs perform their best here.

Our Davidson services include detailed inspections, repairs of all types, complete roof replacements, gutter installation and maintenance, and emergency services. When storms impact the area, we're ready to help.

Whether your Davidson home has been here for generations or you're the first owner, we're here to protect it. Quality roofing from people who appreciate this community. Call for your free inspection.","davidson nc roofing, roofer davidson, davidson college town roofer, davidson roof repair, davidson roof replacement, mecklenburg north roofing",#DavidsonNC #LakeNorman #CollegeTown #NCRoofer
Pineville NC,/locations/pineville,Long-form,"Pineville NC Roofing | South Charlotte's Trusted Roofer","Roofing services in Pineville, NC. Best Roofing Now provides residential and commercial roofing to Pineville and south Charlotte.

Pineville services:
üè† Established neighborhoods
üè¢ Commercial services
üõí Business district
‚úÖ Free estimates

üìû (704) 555-0123
üåê https://bestroofingnow.com/locations/pineville

#PinevilleNC #SouthCharlotte #NCRoofer","Pineville, North Carolina - south Charlotte's own distinct community with its history and character. Let's talk about roofing in Pineville.

Pineville is one of the older towns in the Charlotte area, with roots going back centuries. Today it's a blend of that history with modern development. Carolina Place and the surrounding commercial areas bring activity, while residential neighborhoods maintain their suburban character.

Homes in Pineville vary considerably. Some are older, with decades of history. Others are more recent as infill development and renovation have updated the area. We work on all of them, from historic properties to contemporary homes.

Commercial roofing is also significant in Pineville. With the business activity here, we serve commercial properties needing flat roof maintenance, repairs, and replacements. Our commercial expertise keeps local businesses protected.

Pineville sits along the state line, and we serve both sides. Same quality service, same commitment to getting the job done right.

Storm season affects Pineville like everywhere else in the Charlotte metro. When severe weather causes damage, we respond quickly. Inspections, documentation, emergency repairs, and insurance claim assistance - we handle the whole process.

Our Pineville services include everything homeowners and business owners need. Inspections, repairs, replacements, gutters, emergency services, and more.

If you're in Pineville and want to know the state of your roof, give us a call. Free inspections, honest assessments, and quality work. That's what we deliver.","pineville nc roofing, roofer pineville, south charlotte roofer, pineville roof repair, carolina place roofing, pineville roof replacement",#PinevilleNC #SouthCharlotte #NCRoofer #LocalContractor
Mint Hill NC,/locations/mint-hill,Long-form,"Mint Hill NC Roofing | East Charlotte's Quality Roofer","Expert roofing services in Mint Hill, NC. Best Roofing Now serves Mint Hill and east Mecklenburg County with residential roofing excellence.

Mint Hill services:
üè† Spacious lot expertise
üå≥ Rural-suburban blend
‚≠ê 5-star service
‚úÖ Free inspections

üìû (704) 555-0123
üåê https://bestroofingnow.com/locations/mint-hill

#MintHillNC #EastCharlotte #NCRoofer","Mint Hill, North Carolina - where you get space, community, and that rural-meets-suburban feel while staying connected to Charlotte. Let me tell you about roofing in Mint Hill.

Mint Hill has its own character. Larger lots, more space between neighbors, a quieter pace than closer-in suburbs. Homes here reflect that - often larger properties with room to spread out. We appreciate what Mint Hill offers.

The homes in Mint Hill span quite a range. Some are older properties that have been here for decades. Others are newer construction on subdivided land. The variety keeps our work interesting and requires versatility in our approach.

With larger properties and often more trees, Mint Hill homes can face specific roofing considerations. Tree debris accumulation, branches potentially reaching roofs, and the need for proper maintenance all come into play.

We've worked throughout Mint Hill's neighborhoods and along its country roads. Each property is different, and we approach each one understanding its specific situation and needs.

Our Mint Hill services include comprehensive inspections, all types of repairs, complete roof replacements, gutter installation and maintenance, and emergency response. We serve both residential properties and any commercial needs in the area.

Mint Hill homeowners value quality and reliability. That's exactly what we deliver. No shortcuts, no surprises, just professional roofing services from people who care about doing the job right.

Ready for your free inspection? Give us a call and let's take a look at your roof.","mint hill nc roofing, roofer mint hill, east charlotte roofer, mint hill roof repair, mecklenburg east roofing, mint hill roof replacement",#MintHillNC #EastCharlotte #NCRoofer #RuralSuburban
Belmont NC,/locations/belmont,Long-form,"Belmont NC Roofing | Historic Mill Town Roofing Experts","Roofing services in Belmont, NC. Best Roofing Now serves Belmont and eastern Gaston County with quality residential and commercial roofing.

Belmont services:
üè† Historic homes
üè≠ Mill town heritage
üè° Modern development
‚úÖ Free estimates

üìû (704) 555-0123
üåê https://bestroofingnow.com/locations/belmont

#BelmontNC #GastonCounty #HistoricBelmont","Belmont, North Carolina - a historic mill town with wonderful architecture and a revitalizing downtown. If you're looking for roofing in Belmont, here's what we bring to your community.

Belmont has a rich history, and that shows in its homes. Historic properties with character, mill village homes with their distinctive architecture, and newer construction all make up this community. We're experienced with all of it.

Historic homes require special attention. Understanding older construction methods, working with existing conditions, and maintaining character while ensuring proper protection - these are things we take seriously. Many Belmont homes fall into this category.

At the same time, Belmont is growing and changing. New development, renovation of older properties, and the general revitalization of the area mean plenty of modern roofing work too.

Gaston County weather patterns affect Belmont roofs, and storm damage is something we handle regularly. When severe weather comes through, we're ready to help with assessment, emergency repairs, and the insurance process.

Commercial roofing in Belmont serves the business community here. From downtown businesses to industrial properties, we provide commercial services to keep local enterprises protected.

Our Belmont services span the full range - inspections, repairs, replacements, gutters, and emergency response. Whatever your Belmont property needs, we can help.

If you're in Belmont and want to know your roof's condition, call us. Free inspection, honest assessment, quality work. That's our commitment.","belmont nc roofing, roofer belmont, gaston county east roofer, belmont roof repair, historic belmont roofing, belmont roof replacement",#BelmontNC #GastonCounty #HistoricMillTown #NCRoofer
Mount Holly NC,/locations/mount-holly,Long-form,"Mount Holly NC Roofing | Central Gaston County Roofer","Expert roofing in Mount Holly, NC. Best Roofing Now serves Mount Holly and central Gaston County with residential and commercial roofing services.

Mount Holly services:
üè† Full roofing services
üè¢ Commercial expertise
‚õàÔ∏è Storm response
‚úÖ Free inspections

üìû (704) 555-0123
üåê https://bestroofingnow.com/locations/mount-holly

#MountHollyNC #GastonCounty #NCRoofer","Mount Holly, North Carolina - right in the heart of Gaston County and a community we're proud to serve. Let me tell you about roofing in Mount Holly.

Mount Holly has a solid, working-class character that we appreciate. Homes here are well-maintained by proud owners who care about their properties. That aligns perfectly with our approach - quality work at fair prices from people who do the job right.

The housing in Mount Holly includes a good mix. Established neighborhoods with homes from various decades, newer developments, and rural properties on the outskirts. We work on all of it, bringing appropriate expertise to each situation.

Gaston County sees its share of severe weather, and Mount Holly is no exception. Storm damage from hail, wind, and fallen trees keeps us busy after major weather events. We respond quickly, help with insurance claims, and restore roofs to proper condition.

Commercial roofing is part of what we do in Mount Holly too. Local businesses need reliable roofing services, and we provide that with the same quality and professionalism we bring to residential work.

Our Mount Holly services include complete roof inspections, repairs large and small, full replacements, gutter work, and emergency services. We're here when you need us.

Mount Holly homeowners deserve contractors who show up, do quality work, and stand behind it. That's exactly what we deliver. Give us a call for your free inspection and see the difference working with us makes.","mount holly nc roofing, roofer mount holly, gaston county roofer, mount holly roof repair, central gaston roofing, mount holly roof replacement",#MountHollyNC #GastonCounty #CentralGaston #NCRoofer
Kannapolis NC,/locations/kannapolis,Long-form,"Kannapolis NC Roofing | Cannon Ballers Country Roofer","Roofing services in Kannapolis, NC. Best Roofing Now serves Kannapolis and northern Cabarrus County with expert residential roofing.

Kannapolis services:
üè† Full residential services
üî¨ Research campus area
‚õàÔ∏è Storm damage experts
‚úÖ Free estimates

üìû (704) 555-0123
üåê https://bestroofingnow.com/locations/kannapolis

#KannapolisNC #CabarrusCounty #CannonBallers","Kannapolis, North Carolina - a city transformed and growing, home to the NC Research Campus and a community with a bright future. Let me tell you about roofing in Kannapolis.

Kannapolis has undergone tremendous change. The downtown revitalization, the research campus, the baseball stadium - it's a city on the move. At the same time, it maintains its roots with established neighborhoods and longtime residents.

This mix means we see diverse roofing needs. Older homes in established areas need maintenance, repairs, and eventually replacement. Newer construction in growing areas has its own requirements. We serve both with equal expertise.

Cabarrus County weather affects Kannapolis roofs just like everywhere else in the Charlotte metro. Storm season can bring damage from hail, wind, and severe weather. Our storm response services help Kannapolis residents recover quickly.

We've worked throughout Kannapolis, from the historic areas near downtown to the newer developments on the outskirts. The community here is hardworking and practical - just like us. We fit right in.

Our Kannapolis services include everything homeowners need. Free inspections to assess your roof's condition. Repairs from minor fixes to major restoration. Complete replacements when it's time. Gutter services, emergency response, and insurance claim assistance.

If you're in Kannapolis and your roof needs attention, or you just want to know where it stands, give us a call. Free inspection, no pressure, honest advice. That's how we do business.","kannapolis nc roofing, roofer kannapolis, cabarrus county north roofer, kannapolis roof repair, nc research campus roofing, kannapolis roof replacement",#KannapolisNC #CabarrusCounty #CannonBallers #NCRoofer
Harrisburg NC,/locations/harrisburg,Long-form,"Harrisburg NC Roofing | Fast-Growing Community Roofing Experts","Expert roofing in Harrisburg, NC. Best Roofing Now serves Harrisburg's growing community with quality residential roofing services.

Harrisburg services:
üè† New construction expertise
üè° Established neighborhoods
‚≠ê Quality focused
‚úÖ Free inspections

üìû (704) 555-0123
üåê https://bestroofingnow.com/locations/harrisburg

#HarrisburgNC #CabarrusCounty #GrowingCommunity","Harrisburg, North Carolina - one of the fastest-growing towns in the state and a community full of beautiful new homes. If you're in Harrisburg, here's what you should know about our roofing services.

Harrisburg's growth has been remarkable. What was a small town has become a thriving community with excellent schools, new neighborhoods, and a high quality of life. Many homes here are relatively new, but that doesn't mean they're immune to roofing needs.

Even newer roofs face challenges. Storm damage doesn't discriminate based on roof age. Installation quality varies between builders. Maintenance needs still apply. We've helped many Harrisburg homeowners with all of these situations.

Established areas of Harrisburg have older homes that bring their own needs. As roofs age, they need more attention, and eventually replacement. We're here for those situations too.

What Harrisburg homeowners expect is quality. You've invested in a nice home, in a great community, and you want contractors who match that standard. That's exactly what we deliver - professional service, quality materials, and work that lasts.

Our Harrisburg services include comprehensive roof inspections, repairs of all types, complete replacements with premium materials, gutter services, and emergency response. We handle insurance claims when storms cause damage.

Growing communities need reliable contractors they can trust. In Harrisburg, we aim to be that contractor for roofing. Call us for your free inspection and experience the difference.","harrisburg nc roofing, roofer harrisburg, cabarrus county roofer, harrisburg roof repair, harrisburg roof replacement, northeast charlotte roofing",#HarrisburgNC #CabarrusCounty #GrowingCommunity #NCRoofer
Statesville NC,/locations/statesville,Long-form,"Statesville NC Roofing | Iredell County's Trusted Choice","Roofing services in Statesville, NC. Best Roofing Now serves Statesville and Iredell County with expert residential and commercial roofing.

Statesville services:
üè† Historic downtown area
üè° Growing suburbs
üè¢ Commercial services
‚úÖ Free estimates

üìû (704) 555-0123
üåê https://bestroofingnow.com/locations/statesville

#StatesvilleNC #IredellCounty #NCRoofer","Statesville, North Carolina - the county seat of Iredell County and a community with deep roots and continued growth. Let me tell you about roofing services in Statesville.

Statesville offers a great mix of historic character and modern development. The downtown area has beautiful older architecture. Established neighborhoods surround the core. And newer development continues to expand the community's footprint.

Historic properties in Statesville deserve special attention. We approach older homes with respect for their character while ensuring proper protection. Understanding older construction, working with existing conditions, and using appropriate techniques are all part of what we bring.

The newer areas of Statesville have brought contemporary homes to the community. Modern materials, current building practices, and today's roofing technology - we're fully versed in all of it.

Commercial roofing serves Statesville's business community. From downtown retail to industrial properties along the major corridors, we provide commercial services that keep businesses protected.

Iredell County weather can challenge roofs. Storms roll through, causing damage that needs prompt attention. Our storm response includes assessment, emergency repairs, documentation, and insurance claim assistance.

Our Statesville services cover everything. Inspections, repairs, replacements, gutters, emergency services - whatever your property needs. We serve the whole Statesville area with the same commitment to quality.

If you're in Statesville and want to know your roof's condition, we're a phone call away. Free inspection, honest assessment, quality work. That's our promise.","statesville nc roofing, roofer statesville, iredell county roofer, statesville roof repair, statesville roof replacement, north charlotte roofing",#StatesvilleNC #IredellCounty #NorthCharlotte #NCRoofer
Clover SC,/locations/clover,Long-form,"Clover SC Roofing | Western York County Experts","Expert roofing in Clover, SC. Best Roofing Now serves Clover and western York County with quality residential roofing services.

Clover services:
üè† Small town service
üè° Quality focused
‚õàÔ∏è Storm response
‚úÖ Free inspections

üìû (704) 555-0123
üåê https://bestroofingnow.com/locations/clover

#CloverSC #YorkCounty #SCRoofer","Clover, South Carolina - a small town with big community spirit and beautiful homes. Let me tell you about roofing services in Clover.

Clover maintains that small-town feel that many communities have lost. People know their neighbors, take pride in their properties, and appreciate quality work. We fit right into that mindset.

Homes in Clover range from historic properties to newer construction. The variety keeps our work interesting and requires us to be versatile in our approach. Whether your home has been here for generations or you just moved in, we have the expertise to serve you.

York County weather affects Clover just like the rest of the Charlotte metro region. Storm season can bring hail, wind, and severe weather that damages roofs. Our storm response helps Clover residents recover quickly with assessment, repairs, and insurance claim assistance.

South Carolina licensing and York County requirements are things we're fully familiar with. Every job meets code, passes inspection, and follows proper procedures.

Our Clover services include thorough roof inspections, repairs of all sizes, complete roof replacements, gutter services, and emergency response. Whatever your home needs, we can help.

Small towns deserve contractors who value relationship over transaction. We'd rather earn your trust and your recommendation than make a quick sale. That approach has served us well in communities like Clover.

If you're in Clover and want to know about your roof's condition, give us a call. Free inspection, honest advice, quality work if you need it.","clover sc roofing, roofer clover, york county west roofer, clover roof repair, clover roof replacement, western york county roofing",#CloverSC #YorkCounty #SmallTownService #SCRoofer
