Keyword,Position,Search Volume,URL
"roofers charlotte nc",120,3600,"https://bestroofingnow.com/"
"roofing charlotte nc",90,3600,"https://bestroofingnow.com/"
"roofing company charlotte nc",93,2900,"https://bestroofingnow.com/"
"roofing company charlotte north carolina",109,2900,"https://bestroofingnow.com/"
"roofing contractors in charlotte nc",91,2900,"https://bestroofingnow.com/"
"presidential roofing",107,1000,"https://bestroofingnow.com/presidential/"
"roofing contractors charlotte nc",98,880,"https://bestroofingnow.com/"
"belmont roofing shingles",83,720,"https://bestroofingnow.com/belmont/"
"roof contractors charlotte nc",95,590,"https://bestroofingnow.com/"
"roofing repair charlotte nc",93,590,"https://bestroofingnow.com/"
"roof maintenance plan",78,480,"https://bestroofingnow.com/residential-roofing-maintenance-plans/"
"roofing charlotte",89,320,"https://bestroofingnow.com/"
"landmark shingles pewterwood",64,260,"https://bestroofingnow.com/top-10-most-popular-asphalt-shingle-colors-for-charlotte-homes-in-2025-certainteed-landmark-edition/"
"best roofing & siding",71,210,"https://bestroofingnow.com/"
"best roofing companies in charlotte nc",29,210,"https://bestroofingnow.com/"
"best roofing company charlotte",23,210,"https://bestroofingnow.com/"
"best roofing company charlotte nc",24,210,"https://bestroofingnow.com/"
"concord nc roofing",112,210,"https://www.bestroofingnow.com/locations/concord-nc"
"gastonia roofing",69,210,"https://www.bestroofingnow.com/locations/gastonia-nc"
"mecklenburg roofing charlotte nc",40,210,"https://www.bestroofingnow.com/locations/charlotte-nc"
"roofer concord nc",51,210,"https://www.bestroofingnow.com/locations/concord-nc"
"roofers concord nc",112,210,"https://www.bestroofingnow.com/locations/concord-nc"
"roofing mooresville",89,210,"https://www.bestroofingnow.com/locations/mooresville-nc"
"roofing mooresville nc",93,210,"https://bestroofingnow.com/locations/mooresville-nc"
"cost per square to replace shingle roof",95,170,"https://bestroofingnow.com/blog/roof-shingle-cost-per-square-foot"
"cost to install shingle roof per square",58,170,"https://bestroofingnow.com/blog/roof-shingle-cost-per-square-foot"
"cost to install shingles per square",98,170,"https://bestroofingnow.com/blog/roof-shingle-cost-per-square-foot"
"hollingsworth roofing charlotte nc",37,170,"https://bestroofingnow.com/"
"price per square shingles installed",59,170,"https://bestroofingnow.com/blog/roof-shingle-cost-per-square-foot"
"rock hill roofing",73,170,"https://bestroofingnow.com/locations/rock-hill-sc"
"rock hill sc roofers",106,170,"https://www.bestroofingnow.com/locations/rock-hill-sc"
"rock hill sc roofing",76,170,"https://bestroofingnow.com/locations/rock-hill-sc"
"roofing companies in gastonia nc",105,170,"https://www.bestroofingnow.com/locations/gastonia-nc"
"roofing companies matthews nc",51,170,"https://www.bestroofingnow.com/locations/matthews-nc"
"broken roof tiles",84,140,"https://bestroofingnow.com/blog/tile-roof-repair"
"commercial gutter guard",90,140,"https://bestroofingnow.com/commercial-gutter-guards/"
"commercial gutter guards",63,140,"https://bestroofingnow.com/commercial-gutter-guards/"
"concord roofing",111,140,"https://www.bestroofingnow.com/locations/concord-nc"
"cracked roof tile",76,140,"https://bestroofingnow.com/blog/tile-roof-repair"
"metal roof examples",99,140,"https://bestroofingnow.com/blog/modern-metal-roof-styles-photo-catalog-color-guide-3"
"modified bitumen roof vs tpo",62,140,"https://bestroofingnow.com/blog/tpo-vs-epdm-vs-modified-bitumen-the-complete-guide-to-commercial-flat-roof-replacement-in-2025"
"modified bitumen roofing vs tpo",71,140,"https://bestroofingnow.com/blog/commercial-roofing-in-2025-tpo-vs-modified-bitumen-vs-roof-coating-which-saves-you-more-money"
"residential roofer charlotte nc",68,140,"https://www.bestroofingnow.com/services/residential-roofing"
"residential roofers charlotte",112,140,"https://bestroofingnow.com/"
"residential roofers charlotte nc",112,140,"https://bestroofingnow.com/"
"residential roofing charlotte nc",66,140,"https://www.bestroofingnow.com/services/residential-roofing"
"roof now",83,140,"https://bestroofingnow.com/"
"roofing companies in concord nc",56,140,"https://www.bestroofingnow.com/locations/concord-nc"
"roofing companies in monroe nc",94,140,"https://www.bestroofingnow.com/locations/monroe-nc"
"roofing contractor matthews nc",76,140,"https://bestroofingnow.com/blog/best-roofing-company-near-me-matthews-nc"
"roofing now",9,140,"https://bestroofingnow.com/"
"roofing shingles per square foot",70,140,"https://bestroofingnow.com/blog/roof-shingle-cost-per-square-foot"
"roofing slang",65,140,"https://bestroofingnow.com/blog/roofing-jargon-translator-25-terms-you-should-know-simplified"
"shingles per square foot",86,140,"https://bestroofingnow.com/blog/roof-shingle-cost-per-square-foot"
"tpo roofing vs modified bitumen",62,140,"https://bestroofingnow.com/blog/tpo-vs-epdm-vs-modified-bitumen-the-complete-guide-to-commercial-flat-roof-replacement-in-2025"
"tpo vs modified bitumen roofing",70,140,"https://bestroofingnow.com/blog/tpo-vs-epdm-vs-modified-bitumen-the-complete-guide-to-commercial-flat-roof-replacement-in-2025"
"best case roofing",81,110,"https://bestroofingnow.com/"
"best charlotte roofers",34,110,"https://bestroofingnow.com/"
"best roofer charlotte",22,110,"https://bestroofingnow.com/"
"best roofers in charlotte",35,110,"https://bestroofingnow.com/"
"best roofers in charlotte nc",32,110,"https://bestroofingnow.com/"
"best roofing charlotte",4,110,"https://bestroofingnow.com/"
"how much does a shingle roof cost per square foot",85,110,"https://bestroofingnow.com/blog/roof-shingle-cost-per-square-foot"
"popular metal roof colors",106,110,"https://bestroofingnow.com/blog/modern-metal-roof-styles-photo-catalog-color-guide"
"roofer near me open now",73,110,"https://bestroofingnow.com/"
"belmont roofing",67,90,"https://bestroofingnow.com/locations/belmont-nc"
"cost of house shingles",52,90,"https://bestroofingnow.com/blog/roof-shingle-cost-per-square-foot"
"cost of shingling a house",73,90,"https://bestroofingnow.com/blog/roof-shingle-cost-per-square-foot"
"cost to shingle house",105,90,"https://bestroofingnow.com/blog/roof-shingle-cost-per-square-foot"
"home best roofing",109,90,"https://bestroofingnow.com/"
"metal roof patterns",92,90,"https://bestroofingnow.com/blog/modern-metal-roof-styles-photo-catalog-color-guide-3"
"metal roofing designs for houses",117,90,"https://bestroofingnow.com/blog/modern-metal-roof-styles-photo-catalog-color-guide-3"
"price to shingle a house",58,90,"https://bestroofingnow.com/blog/roof-shingle-cost-per-square-foot"
"roof gutter now",116,90,"https://bestroofingnow.com/services/gutters"
"roof repair huntersville nc",81,90,"https://bestroofingnow.com/blog/roofing-company-near-me-huntersville-nc"
"roofers in shelby nc",49,90,"https://bestroofingnow.com/locations/shelby-nc"
"roofers monroe nc",64,90,"https://bestroofingnow.com/locations/monroe-nc"
"roofers shelby nc",57,90,"https://bestroofingnow.com/locations/shelby-nc"
"roofing facts",76,90,"https://bestroofingnow.com/blog/roofing-facts-that-will-blow-your-mind"
"average cost to install shingles per square",111,70,"https://bestroofingnow.com/blog/roof-shingle-cost-per-square-foot"
"best choice roofing charlotte nc",32,70,"https://bestroofingnow.com/"
"best choice roofing hickory",32,70,"https://bestroofingnow.com/locations/hickory-nc"
"best roof roofing",78,70,"https://cms.bestroofingnow.com/top-rated-roofing-services-find-the-best-near-you/"
"certainteed commercial roofing",40,70,"https://bestroofingnow.com/certainteed-flintastic-built-up-roofing/"
"charlotte's best roofing and gutters",33,70,"https://bestroofingnow.com/blog/charlottes-best-roofing-co-your-guide-to-a-stronger-safer-roof"
"cleaning gutters safely",41,70,"https://bestroofingnow.com/blog/how-to-clean-your-gutters-without-risking-a-trip-to-the-er-safety-tools-steps"
"different colors of metal roofing",120,70,"https://bestroofingnow.com/blog/modern-metal-roof-styles-photo-catalog-color-guide"
"do insurance companies cover metal roofs",110,70,"https://bestroofingnow.com/blog/are-metal-roofs-worth-it-how-storm-resistant-materials-can-cut-your-insurance-costs-by-30-in-charlotte"
"epdm vs modified bitumen",44,70,"https://bestroofingnow.com/blog/tpo-vs-epdm-vs-modified-bitumen-the-complete-guide-to-commercial-flat-roof-replacement-in-2025"
"flat roof repair charlotte nc",85,70,"https://bestroofingnow.com/blog/the-ultimate-guide-to-flat-roof-replacement-everything-charlotte-businesses-need-to-succeed"
"gutter cleaning safety",89,70,"https://bestroofingnow.com/blog/how-to-clean-your-gutters-without-risking-a-trip-to-the-er-safety-tools-steps"
"how much are shingles per square foot",107,70,"https://bestroofingnow.com/blog/roof-shingle-cost-per-square-foot"
"how much is a square of shingles cost",101,70,"https://bestroofingnow.com/blog/roof-shingle-cost-per-square-foot"
"lkn roofing",26,70,"https://bestroofingnow.com/blog/looking-for-lkn-roofers-here-are-10-things-you-should-know-before-hiring"
"max roofing nc",92,70,"https://cms.bestroofingnow.com/"
"modified bitumen vs epdm",45,70,"https://bestroofingnow.com/blog/tpo-vs-epdm-vs-modified-bitumen-the-complete-guide-to-commercial-flat-roof-replacement-in-2025"
"roof or siding first",46,70,"https://bestroofingnow.com/blog/siding-or-roof-first-what-every-charlotte-homeowner-should-know-before-remodeling"
"roof repair hickory nc",85,70,"https://bestroofingnow.com/locations/hickory-nc"
"roof repair mooresville nc",100,70,"https://bestroofingnow.com/locations/mooresville-nc"
"roof repair rock hill",105,70,"https://bestroofingnow.com/locations/rock-hill-sc"
"roof repair rock hill sc",107,70,"https://bestroofingnow.com/locations/rock-hill-sc"
"roof replacement timeline",64,70,"https://bestroofingnow.com/blog/no-surprises-your-roof-replacement-timeline-what-to-expect"
"siding or roof first",48,70,"https://bestroofingnow.com/blog/siding-or-roof-first-what-every-charlotte-homeowner-should-know-before-remodeling"
"sustainable roofing solutions",69,70,"https://bestroofingnow.com/blog/eco-friendly-roofing-solutions-how-sustainable-materials-can-save-you-money-and-protect-the-planet"
"when should roofs be replaced",109,70,"https://bestroofingnow.com/when-should-i-replace-my-roof/"
"your local roofing company charlotte nc",28,70,"https://bestroofingnow.com/blog/find-your-trusted-local-roofing-company-today"
"best roofs lenoir city tn",86,50,"https://bestroofingnow.com/"
"charlotte home repair",106,50,"https://bestroofingnow.com/services"
"commercial roofer charlotte nc",47,50,"https://bestroofingnow.com/"
"commercial roofers charlotte nc",56,50,"https://bestroofingnow.com/"
"commercial roofing statesville nc",73,50,"https://bestroofingnow.com/locations/statesville-nc"
"commercial siding cleaner",119,50,"https://bestroofingnow.com/commercial-siding-cleaning/"
"concord roofing company",103,50,"https://bestroofingnow.com/locations/concord-nc"
"davidson roofing reviews",60,50,"https://bestroofingnow.com/locations/davidson-nc"
"expert roofing solutions",30,50,"https://bestroofingnow.com/expert-roofing-solutions-for-your-home/"
"flat roof replacement charlotte nc",30,50,"https://bestroofingnow.com/blog/the-ultimate-guide-to-flat-roof-replacement-everything-charlotte-businesses-need-to-succeed"
"home repair charlotte",108,50,"https://bestroofingnow.com/services"
"home repair charlotte nc",102,50,"https://bestroofingnow.com/services"
"how much to install roof shingles",104,50,"https://bestroofingnow.com/blog/install-roof-shingles-cost-by-project-range"
"how to prevent black streaks on roof",88,50,"https://bestroofingnow.com/blog/say-goodbye-to-dark-streaks-how-algae-resistant-shingles-keep-your-roof-clean"
"landmark roofing hickory",67,50,"https://bestroofingnow.com/landmark/"
"modified bitumen roof vs epdm",59,50,"https://bestroofingnow.com/blog/tpo-vs-epdm-vs-modified-bitumen-the-complete-guide-to-commercial-flat-roof-replacement-in-2025"
"modified bitumen roofing vs epdm",55,50,"https://bestroofingnow.com/blog/tpo-vs-epdm-vs-modified-bitumen-the-complete-guide-to-commercial-flat-roof-replacement-in-2025"
"most popular metal roof colors",91,50,"https://bestroofingnow.com/blog/modern-metal-roof-styles-photo-catalog-color-guide"
"preferred roofing & seamless guttering",87,50,"https://cms.bestroofingnow.com/preferred-roofing-company-in-eastover-nc/"
"residential roofing companies charlotte nc",85,50,"https://bestroofingnow.com/"
"residential roofing company charlotte nc",95,50,"https://bestroofingnow.com/"
"roof lingo",95,50,"https://bestroofingnow.com/blog/roofing-jargon-translator-25-terms-you-should-know-simplified"
"roof repair gastonia nc",45,50,"https://bestroofingnow.com/locations/gastonia-nc/downtown-gastonia"
"roofer fort mill sc",49,50,"https://bestroofingnow.com/locations/fort-mill-sc"
"roofers fort mill sc",67,50,"https://bestroofingnow.com/locations/fort-mill-sc"
"roofers in concord nc",66,50,"https://bestroofingnow.com/best-roofing-company-near-concord-nc/"
"roofing companies albemarle nc",40,50,"https://bestroofingnow.com/locations/albemarle-nc"
"roofing companies in matthews nc",53,50,"https://bestroofingnow.com/locations/matthews-nc"
"roofing companies newton",118,50,"https://bestroofingnow.com/locations/newton-nc"
"roofing companies statesville nc",66,50,"https://bestroofingnow.com/locations/statesville-nc"
"roofing fort mill sc",53,50,"https://bestroofingnow.com/locations/fort-mill-sc"
"roofing lingo",74,50,"https://bestroofingnow.com/blog/roofing-jargon-translator-25-terms-you-should-know-simplified"
"should i call a roofer or insurance first",59,50,"https://bestroofingnow.com/why-you-should-call-your-roofer-before-your-insurance-company/"
"time to replace roof",95,50,"https://bestroofingnow.com/blog/when-should-i-replace-my-roof"
"what does a metal roof look like",69,50,"https://bestroofingnow.com/blog/modern-metal-roof-styles-photo-catalog-color-guide"
"best choice roofing charlotte",49,40,"https://bestroofingnow.com/"
"best choice roofing concord nc",60,40,"https://bestroofingnow.com/"
"bitumen vs epdm",92,40,"https://bestroofingnow.com/tpo-vs-epdm-vs-modified-bitumen-the-complete-guide-to-commercial-flat-roof-replacement-in-2025/"
"charlotte nc roof repair",112,40,"https://bestroofingnow.com/"
"charlotte's best roofing",51,40,"https://bestroofingnow.com/"
"commercial roof repair charlotte nc",70,40,"https://bestroofingnow.com/commercial-roof-repairs/"
"commercial roofers in charlotte nc",61,40,"https://bestroofingnow.com/"
"landmark roofing llc",73,40,"https://bestroofingnow.com/landmark/"
"residential roof repair charlotte nc",105,40,"https://bestroofingnow.com/"
"roof solutions charlotte",107,40,"https://bestroofingnow.com/"
"slate charlotte reviews",107,40,"https://bestroofingnow.com/materials/slate-roofing"
"what is a presidential roof",91,40,"https://cms.bestroofingnow.com/presidential/"
"when to replace a roof on a house",95,40,"https://bestroofingnow.com/blog/when-should-i-replace-my-roof"
"when to replace roof on house",104,40,"https://bestroofingnow.com/blog/when-should-i-replace-my-roof"
"belmont roofing llc",61,30,"https://bestroofingnow.com/belmont/"
"best roofing llc",33,30,"https://bestroofingnow.com/"
"best roofing now",1,30,"https://bestroofingnow.com/"
"choosing a roofing contractor",94,30,"https://bestroofingnow.com/choosing-the-right-roofing-contractor-expert-tips/"
"how to choose the right roofing contractor",81,30,"https://bestroofingnow.com/choosing-the-right-roofing-contractor-expert-tips/"
"roofing companies mint hill nc",50,30,"https://bestroofingnow.com/best-roofing-company-near-me-mint-hill-nc/"